ID,ref_pm2_5
ID_00OZLF7X,41.07388332024788
ID_00ZI0D98,41.37616730750533
ID_017GTLAU,45.09808250214282
ID_01IBM7T2,40.06408925201684
ID_01II27D4,55.145659142500705
ID_01PKRNEP,21.80569959325941
ID_021PCRSH,17.01723303451706
ID_0274H7B6,70.7136808438982
ID_02NFLBYH,35.187837743828595
ID_032LIJKT,18.73379610318791
ID_060OB5PM,61.68765961119753
ID_06EFLCQ1,44.359500774982564
ID_07J2NT68,129.18765894688323
ID_088T3GY1,46.072538953314755
ID_08NXTHXJ,22.32503582534936
ID_090R0SNF,47.995570704047736
ID_09A1DQJW,15.219836700528372
ID_09FIRKTW,14.169638867888299
ID_0AOBGKCB,45.39620446112045
ID_0BHWLJMC,54.086806660487724
ID_0BKHDOU6,24.495970934128522
ID_0BRD0DWL,66.91086243912065
ID_0CXBEOYH,65.81364066324765
ID_0DDOKYWN,28.735051783528522
ID_0DID31PG,65.28207662907012
ID_0DVRZUYC,24.95136098855567
ID_0DYLDE3Q,53.13093914940811
ID_0F7ZP73J,35.3520275884532
ID_0FZG7CWV,62.60348718270458
ID_0HINQVMM,28.02382277343011
ID_0IJNRWJR,34.72724749801142
ID_0IW22706,42.93110684835704
ID_0JHQ3U2E,66.1192929111281
ID_0KIGVVU0,21.166123438538364
ID_0L5UL5YJ,52.980364455482814
ID_0L6HQ584,60.870599844836995
ID_0LCIWI0O,26.534375128366563
ID_0LZPOHTV,34.70299733761411
ID_0MPIZRA0,50.49388098418483
ID_0N7MZ82Z,101.37535317795496
ID_0NDHXZAS,22.51963506175691
ID_0OEOAZQJ,36.326845574426876
ID_0OH8M4JT,47.55926179328202
ID_0PICZ2AV,22.349753723919825
ID_0POKO7OA,58.81249924068733
ID_0Q0GVMPC,75.14568228895418
ID_0QAS386Z,99.35337068866393
ID_0QIU3FIN,14.46560199055383
ID_0R3FFO14,77.47761488625785
ID_0RH04S3M,90.48179890406759
ID_0RWN9W4Q,37.92628158313936
ID_0S1SYRI0,24.17237765312877
ID_0SVFS3L9,72.51388652234216
ID_0TS7MEFX,126.60226469674069
ID_0TV9WM4F,14.995344854166525
ID_0URP8GWZ,34.26703913864716
ID_0V4D047Y,40.92719168985852
ID_0VM725EW,46.054767126474616
ID_0W94NHE6,33.868463382101595
ID_0XC7SYMF,74.59766292475899
ID_0XH4D131,28.04359702744435
ID_0XJ66H25,23.8289230688468
ID_0XMSMERR,35.228946148332426
ID_0ZB36MQR,39.69626050028927
ID_0ZRPQYMV,140.95713235955054
ID_10USGSEO,37.60886101282354
ID_11X1NG30,157.0945409520751
ID_12EILPSV,94.17934219165333
ID_12FJKZHG,81.6337051598506
ID_12XUBBWW,9.455678518530345
ID_131FHSQ0,52.91406303147471
ID_14XMEN92,31.21571101947368
ID_156H7JSD,80.5951032512655
ID_15827AVR,77.78948577206705
ID_15TPMDO9,46.470001294246146
ID_1668QBSW,49.739521598599794
ID_16UVG1Z9,14.494005075844406
ID_17EXI4YM,50.41800712560571
ID_17FNTZTY,68.43760428875518
ID_18O9WELI,27.571985854741722
ID_18U5BGEZ,57.77993176968049
ID_1987YL70,49.67262854020064
ID_198CU36T,73.89164272262751
ID_19JG8ICR,29.87287274844783
ID_19UBEPIC,30.0128009724639
ID_1AB5T959,85.73750853948587
ID_1AD9JM3Y,36.33823445867543
ID_1AK81OSF,68.88122439050906
ID_1AYOTNUY,47.047079426080174
ID_1BN7L9QX,38.37632256283568
ID_1CRH5CEY,26.509155919987446
ID_1CW3IXGF,39.448561649918794
ID_1CZCT9U1,238.92178229905596
ID_1D6U2XR8,32.13157250641872
ID_1EN1RO3B,61.763501378233826
ID_1EP9HZWU,30.90759686475281
ID_1ESMNUM1,18.890043515832957
ID_1F3O76JJ,44.328848850537206
ID_1FF78I9N,115.77252670952325
ID_1FQIN0T9,92.59523446718066
ID_1FUT6DN0,47.73026059023816
ID_1G5AJMJG,28.656382132850496
ID_1GFELIRD,17.387752135677545
ID_1GMS3HIH,59.88879233405052
ID_1GZTVBBZ,44.76421854229209
ID_1HM6XJ58,79.3389919985296
ID_1HOZVUYP,46.88019308352594
ID_1HSUXAKD,22.982573783340698
ID_1I65DQ7R,67.28943551858713
ID_1J7O4OZ3,39.28112023078743
ID_1JD943CR,35.34074494928027
ID_1JVANV9U,45.79262518434089
ID_1K0R5BOQ,40.6871353047711
ID_1KXNCOOV,26.903867560269223
ID_1L5GVQCE,23.382602812103663
ID_1LI5FSUE,25.16743306115609
ID_1LZ1FBOL,30.894495744263903
ID_1MMF5HQC,10.021268348808897
ID_1MORYDEC,90.99525791579447
ID_1NSQKFBQ,57.64359337524158
ID_1O2V9C82,48.99598637735676
ID_1ODVG3E7,115.59635370432784
ID_1OIUK6LV,59.140080799984716
ID_1OP57M5V,61.34404970826095
ID_1OW95GJ8,34.08442935598882
ID_1P76QYZV,64.09744468238408
ID_1PPM8GMD,56.809506645279775
ID_1Q8W17CB,81.27752652232022
ID_1RBW5QKY,44.84888713942172
ID_1S4NHOCM,42.791419079651114
ID_1SYYB53N,90.87133445185731
ID_1TI3JM0U,37.46445417052857
ID_1U0UYLL2,31.661370895493505
ID_1U21YQHQ,24.045966380372718
ID_1U4M52U3,46.31779803567356
ID_1UGC0XY5,86.89559920906049
ID_1V5R2N5D,24.77357728655997
ID_1VDNLN58,70.21107874866738
ID_1VJKHNM4,37.753722696086875
ID_1WINHQCE,19.550525302231932
ID_1WWV1FV6,118.44009635783743
ID_1WYS2CEF,41.91044240205875
ID_1Y2HT3AS,46.87003731193005
ID_1Y9FGCOE,17.29820594439144
ID_1Z2UOP0O,44.729698268163034
ID_1ZIA13O9,43.66940616506689
ID_1ZRUJMAK,26.521396584618717
ID_1ZX6NO3G,91.0584816457585
ID_20WZZNYS,85.82164728634895
ID_21EU12UJ,34.4533361252014
ID_21MQ12EC,38.89091812453093
ID_21UATTBP,67.20276219982256
ID_22855M69,14.230797918546505
ID_22A0QTRP,45.2295530199233
ID_22F4V7BU,26.4191223846134
ID_22IYQ8BW,25.77905356980697
ID_22TZEPIP,55.24334900976898
ID_22X2GYPE,121.22351288575965
ID_241HVT51,61.17823804079981
ID_25H4PDTL,96.8741443284141
ID_26VWTZMD,77.87616871471238
ID_28EXN6DZ,36.73027951456508
ID_28HEX94L,13.004539691350885
ID_28HSL4RG,45.91710731587935
ID_293WO9SH,59.056797460286084
ID_29SO8WDO,36.15543588097246
ID_2AJQEBY3,33.11594811025245
ID_2AQ8EERD,186.1211001769472
ID_2AX8YXJK,16.05991235512569
ID_2B4BBU7N,38.15891910782029
ID_2BPL1592,55.765981865407994
ID_2BRQEZ1J,86.30235463597901
ID_2C2TSCJL,39.54630823340044
ID_2CCGJJJU,77.69161283067551
ID_2CFDAS44,82.25578411618373
ID_2D95KLRM,56.348438174220334
ID_2DGMY5YC,34.65306437012462
ID_2DK6JLG4,16.38053182208697
ID_2EBGG9YF,43.44106811797374
ID_2FIEWK17,48.261979006996036
ID_2FRI4B0D,50.2738004646974
ID_2G0756NB,85.15292195011685
ID_2G9H886I,24.356510624358762
ID_2GF4OEG3,30.39897159968805
ID_2H18YV46,58.775864514131534
ID_2H4RMBBH,55.78106123217405
ID_2I0R4WK2,68.12251852129116
ID_2I9JEV0X,53.817606718952526
ID_2IP85HYG,30.40950496724608
ID_2ITXVA1G,107.18468020940404
ID_2IVQL5JX,88.80049787234063
ID_2J3HV98Q,97.66687911508524
ID_2JBSRNGC,51.136080288676304
ID_2JBY8M0F,73.3211549886602
ID_2JOTIEMP,30.301963560517343
ID_2JP1GXBY,74.02743307600178
ID_2JPUD29O,101.1830355500866
ID_2KGE6ZMP,33.25340931054538
ID_2KJBEMN0,20.967361032942364
ID_2KK0LWT4,36.75676506982094
ID_2KMYQAD4,90.06914225037009
ID_2L0OWV04,31.776545440296665
ID_2L6KO405,59.20083734163065
ID_2LE0NSUI,47.00454765548409
ID_2M67IGXG,25.32444880370668
ID_2MBQR2JD,33.23346699512542
ID_2N4Z4SIY,48.91113001189175
ID_2NJIFQPN,32.90724513926888
ID_2NPL6S4J,29.52681602062054
ID_2NY9VKW7,56.348442773509504
ID_2OCZY3SH,12.199184732988023
ID_2OMRGIFP,40.96541463850479
ID_2Q17SSBJ,27.64054380779086
ID_2QCH70VA,42.91295931591904
ID_2QHBLCJE,31.248815276898135
ID_2QSDHZHZ,40.93091661556177
ID_2RE6VIAY,37.081411009950315
ID_2RN35O53,9.923081500356972
ID_2S5VA8YH,42.5827943391196
ID_2S6WH4VA,45.59138330709594
ID_2SI4WFXB,41.10045077102418
ID_2T3R0R48,32.853722539359616
ID_2TUO570Q,68.39219940859482
ID_2UR7S4KB,32.51048538616078
ID_2UW9TA5Z,30.336898276732516
ID_2V4YU2ET,105.90162642263924
ID_2V7WYFE9,71.27905665380675
ID_2VHGL4S5,26.924181162132683
ID_2W3S3GVC,52.888048472528844
ID_2WA5FJXW,47.85431286290947
ID_2WYF50VY,7.104826745210662
ID_2X1T1JQ2,89.27254735950693
ID_2X8T3F4R,60.41463632788137
ID_2XHUQ58H,28.21000470915162
ID_2XJG20RI,71.74603348014122
ID_2XSXCJDK,82.96896287249115
ID_2YMSSE01,20.702220666673814
ID_2Z59RPCF,33.924432098684946
ID_308ZCH01,43.500419506960796
ID_30BS33WH,65.43987386607455
ID_30DMXPRZ,17.405355971326564
ID_30JLQ06J,44.36294409115558
ID_30SBLVDV,123.62512727545555
ID_31FMESAU,111.4358664004428
ID_3244CQNF,76.08928461096323
ID_3397UL3O,21.13039325390563
ID_33LSGTRB,41.16191565996765
ID_33Y8FNCW,91.69860965805492
ID_34OANOVX,39.95292449581266
ID_34VIEM4P,37.55960706113834
ID_34Z8AUGG,10.249430187930258
ID_355NGMHT,48.77166346489162
ID_358KR0O4,55.277785429580014
ID_35V3GLM5,48.887416388377474
ID_35YXIPGS,28.90026469384186
ID_36PYJBWW,42.2976873352999
ID_36Q7RQ62,27.506802008775118
ID_37QXHNOS,33.912354331655
ID_384IBFLU,110.36524851355578
ID_39DXMEP4,35.11981019950587
ID_39JYV7SW,42.490769717937276
ID_39XUHF5R,86.57908815693406
ID_3AWQXLOF,74.97311827834326
ID_3BU585EK,14.050244676516481
ID_3DDWVNWE,36.684762774799594
ID_3DFZ85PO,24.330221607496064
ID_3DUEV7MP,80.31171305653231
ID_3EIF1A67,31.404130271581987
ID_3FJRET8I,31.936934483545503
ID_3G8A0JPJ,64.85868883175743
ID_3GOSYJNY,48.756042148814046
ID_3H9TCBLL,70.38512470985387
ID_3JT27AAZ,52.52002537536546
ID_3KA51JAZ,102.71500405957056
ID_3KHN1KF9,31.57139250751527
ID_3KYFY813,29.497606739253175
ID_3M35FRP4,61.79675804113751
ID_3M7E7KCT,31.67761507905199
ID_3M9IGJMX,116.17590896888991
ID_3MELPATD,101.26461685605658
ID_3MTYY9V8,51.17013194865887
ID_3PHZ2Q60,89.33725224368031
ID_3QSI85ZT,33.96360448277473
ID_3QZWSC2F,54.89873561818659
ID_3RDUN4G0,24.78787649090492
ID_3SA8MMWR,60.28303101495919
ID_3SD0IL0T,73.8083825595474
ID_3SDR4BYO,99.22250050085977
ID_3SOGHXRA,32.91871993528285
ID_3T8U3HZ3,135.97704392288708
ID_3TD7W2H9,36.56467751629028
ID_3TF9SDQE,34.352208800220325
ID_3UH8XVG7,117.3590445950091
ID_3UMZYEY5,19.810460895020505
ID_3WIF9T63,89.75386700061067
ID_3X5MK0AB,12.97603463649783
ID_3XGRDZ12,45.81670602631212
ID_3XPS437H,88.08407395961905
ID_3XTMZKMR,35.71298241767755
ID_3YM699SL,103.82981951664115
ID_3Z449WKS,76.43198882555757
ID_3ZJCQY95,32.56071645376444
ID_3ZRHXGGQ,30.89629541739248
ID_3ZYFJCRS,67.12241121137637
ID_40KE3QNQ,13.588679997877833
ID_40NVUXLN,13.632250180560273
ID_41DS3AHF,87.76947305953324
ID_41FEHYDD,46.043233259809234
ID_42DOVUA0,38.7569204228455
ID_42F9X5HR,80.67589600595838
ID_434XCEX8,18.28829617912396
ID_440HD3FF,36.15484321973287
ID_44L6TJ5D,18.77837937677168
ID_455UDMYF,83.80071011715309
ID_45C5OX5B,87.93405032690677
ID_45HE6HT1,43.577268926290415
ID_45O7C5QA,56.15121983289384
ID_4630L9TB,44.0368859684947
ID_4653O2U0,123.35580651673595
ID_477ZERKY,72.45827276323928
ID_47WJUHMF,67.2335555594207
ID_489FB2X8,49.344545992464354
ID_48GV1ZXC,40.380677033802066
ID_490IIXDG,35.6743817391297
ID_49Q3NGWH,72.30864372756783
ID_49UH8X66,17.45961865309119
ID_4A1P54Y2,35.50181003303049
ID_4AYH7JWC,118.27296268841819
ID_4BQOB2DS,44.99978587073127
ID_4C10BMQB,26.77489119260953
ID_4CVU44EG,16.75583894683478
ID_4DGFEQXC,38.33773603231587
ID_4DO5D454,121.84711457838445
ID_4DQJTWOJ,33.71840989871614
ID_4ECTK7A9,11.142008086317674
ID_4EJHOWI4,57.6618396173954
ID_4ELAOQLS,16.013171346650715
ID_4F04YEKE,68.54751211536666
ID_4F4FAJ9N,62.88895677716074
ID_4GH72NIN,40.786608529120585
ID_4H2HMSOO,67.40729367361882
ID_4I2Z24XV,43.12081240811215
ID_4IJRDQ8K,39.26899469542478
ID_4IT82JJU,21.098013807739584
ID_4IYK0UMZ,50.3032421741795
ID_4J6BXIZV,76.75325062739472
ID_4JGS98PL,14.249792877976715
ID_4K5ZD1NP,33.29500962112744
ID_4KFUVRF3,101.85418974386971
ID_4KSH57NB,62.909582653486986
ID_4LUSXK0I,33.51613244954684
ID_4LZ15HIW,64.00769039846048
ID_4MCZZMQF,53.1295706319912
ID_4MFEGSBQ,47.40645056818104
ID_4NSA4VJY,36.89580425662656
ID_4OCPO0HQ,30.25931762098613
ID_4OMTG07M,-5.795579980262775
ID_4OS9WVF8,53.56769202792951
ID_4QCKU9RT,63.27732134641711
ID_4R3KN2LJ,29.591523125590623
ID_4RSBY27D,13.323042358071707
ID_4S8DBR32,30.080140075388957
ID_4SUYI847,29.390740833805268
ID_4T3IYORE,103.78292561852501
ID_4TCWGEE0,38.11590918104602
ID_4TTJ0K25,34.333574871801375
ID_4UC2JGOB,51.296006256185755
ID_4V42UD68,36.61780437679643
ID_4VIH2PPZ,46.8478566628502
ID_4VNKSU6Y,71.1931332894593
ID_4VXEG44D,97.29355942752812
ID_4WTUYM5O,59.69494044061625
ID_4X7NHPPR,48.80648301050493
ID_4X8LPU71,20.404249720107376
ID_4XDDT7QD,38.204812437439536
ID_4XQN8YIC,22.078611709884008
ID_4YVP1ETV,57.29453144041958
ID_4YZG3B8N,83.04402142299186
ID_4ZHISJPJ,43.20634844231215
ID_4ZT39VDM,46.91133357580903
ID_4ZZCLWM8,135.8208290013968
ID_510A6NIP,111.35695192769911
ID_51E7QI1F,31.590992730934065
ID_529DNAN1,34.40225849780771
ID_529GJO39,49.422073965912034
ID_52PL01BQ,96.11652070904528
ID_530RIOWP,24.90704537959478
ID_5356ITRG,47.40705829863508
ID_537JNUT2,125.09289065334627
ID_552N725O,43.39657816627106
ID_56BHLJ5J,36.18696139096795
ID_56UXT2QZ,38.488436133522654
ID_574BO8RH,55.72441527775645
ID_57CDAEBV,45.87795319804225
ID_57FFX610,185.69142747232803
ID_57XX1S09,54.25150012547132
ID_58OI8O3U,115.74005638899294
ID_598JAECU,61.99350834725679
ID_59AK1RUT,118.69796941825585
ID_59PN6C6V,21.94833983568736
ID_5AHXPG2D,24.492513495066305
ID_5B9LV1Z5,114.0784910905371
ID_5BFSE1V0,19.251134472773938
ID_5BYSD9YC,38.49744314557623
ID_5CP9DK4F,47.70530135882719
ID_5CQ42K5J,88.67353433842126
ID_5CZI4CG5,130.47355427052344
ID_5EVAPBR5,24.17954002817825
ID_5F6X52WM,28.34249851058219
ID_5FZ62LPU,33.37699349757873
ID_5G99K61B,69.28655318207343
ID_5GK630Y9,49.089940319636845
ID_5HDGX1LS,37.60901072444281
ID_5HSWKB40,66.56553090981906
ID_5I3TK3Y8,55.574251041319904
ID_5IEJ8CW4,15.913727999812421
ID_5ILOA0CI,35.65492548066047
ID_5IQAEQYT,51.63804132308771
ID_5IQH17QC,30.57958799880077
ID_5ITNCWUQ,24.39317695644309
ID_5K4OADR0,25.29480736781887
ID_5K4W4QIM,43.42372191755758
ID_5KBG7IAH,13.790890653675167
ID_5KLXFEAG,25.013885491063352
ID_5KOGEUVP,11.715979706945284
ID_5LKT6EUR,32.01359709148956
ID_5M8VJU4D,58.21318845499163
ID_5MS1IX99,26.770062757323124
ID_5NNMKSUY,51.414703684446216
ID_5OEO17JF,34.79265247266725
ID_5OXPI8KY,59.828466262524394
ID_5P7P69CM,44.58275952057892
ID_5P99EC1K,97.36191360252884
ID_5PFZHUO1,-2.566455475269257
ID_5QM93B6N,56.46269121559265
ID_5QY4C1U6,34.055067417462325
ID_5RJ2HJGL,36.821661932075074
ID_5SOKIM2F,21.383159424750325
ID_5SUBHAWO,17.54418074359129
ID_5SV7J7QU,138.76422686305392
ID_5SXJTX3A,52.99411863937067
ID_5TFAJIUE,44.42282217987036
ID_5TW534AJ,27.222779149810002
ID_5UPK756S,29.408188096013355
ID_5UZSQSV6,76.9998603850405
ID_5V6L01HO,29.73801706639864
ID_5VF8CXOY,32.67314475863125
ID_5VOVBK7F,18.773126400748595
ID_5WAMH3NR,68.68096428450487
ID_5WR6W455,22.8718132174171
ID_5XM9WVFA,56.22167884446445
ID_5YEYH8ZP,39.20846914808879
ID_5YPRX0TJ,51.83184570927858
ID_5ZL2XCEI,35.63128987360827
ID_5ZVD0RSM,70.65771277941559
ID_60QTOZGE,30.17523157847022
ID_60RSR86V,46.70055108463952
ID_6175TYV5,24.38949235032453
ID_633EJPUE,140.44617232286984
ID_6393H96W,47.668217004251275
ID_63S90YVY,35.6732030152795
ID_64FYZQ3M,102.20171260568297
ID_66GVFV9T,38.11781723008214
ID_67OZVGTH,90.74645930467395
ID_67QHVOKN,34.72226788677676
ID_68K2RBS0,31.90832608012056
ID_68YEYXX5,139.94167414347783
ID_69K6RDQ3,31.630853627339874
ID_6A3B1Z1X,51.88105240659295
ID_6A5CZCC1,56.69072773903159
ID_6ADH3FIB,94.33204655517234
ID_6AQR1SKR,39.19373069085759
ID_6ASVTMDV,24.894812270484934
ID_6AYEMUJ1,63.65601060419185
ID_6B5385DK,100.98878663123928
ID_6BDGZFYK,47.854328812657215
ID_6D09ZX0Z,52.71212239191059
ID_6DAMDMKY,49.149321851736026
ID_6E6I7PL2,51.0301864181374
ID_6E8K15WE,56.96780356079226
ID_6EG63EZA,41.61479591750655
ID_6EH22572,79.70383933520445
ID_6ES6O65U,34.329633061522905
ID_6EW8QURF,16.15381222019392
ID_6H549JDD,35.68606746003139
ID_6I39EPJG,15.357840060133285
ID_6I3AD1MI,57.53489633254118
ID_6IP3610D,22.436145349784077
ID_6IR5WXFK,30.11509577738051
ID_6IT79OAE,32.53586446015834
ID_6J3TMOH1,17.90158256645192
ID_6K3PEW5U,25.072619941849158
ID_6KAVSF6M,29.145213871450252
ID_6KC53QO8,57.48039598033043
ID_6KFMDAIK,119.03006549289172
ID_6LHD2SCH,44.85563975674796
ID_6LNSUEI5,32.60696090966692
ID_6M7C7SLD,77.19083751119763
ID_6MJPBA95,67.76811063916307
ID_6MV6TQFD,65.22034257722527
ID_6N8HGEA7,45.57290329136929
ID_6NPURJPD,156.15246997874075
ID_6NQ5UN1G,56.781858681398006
ID_6OP1B4AA,43.03880208195114
ID_6P2D5WUU,94.97619619569997
ID_6PPBFHBN,44.91999386513247
ID_6PQVISX4,109.22454398740402
ID_6R9Y3UV6,11.566085793122463
ID_6RDSYBHA,51.991716679572264
ID_6RKRJY8B,85.05259139301555
ID_6RX5TZEO,92.1514171198443
ID_6SC8ZXD1,12.049857926618524
ID_6SLMVOSC,47.87201443224316
ID_6T1BHYWO,32.36050699038748
ID_6T1IHJW6,123.1683732996695
ID_6T49DSCX,34.25716947816221
ID_6TH5KZ1A,104.82342573411745
ID_6UDY14FE,30.004019843563633
ID_6UTPSWJP,66.60006297494881
ID_6UU3S3RF,200.50067032323736
ID_6UWWELJJ,39.86327437338633
ID_6UZHWJAV,25.655214928006878
ID_6VCXOURO,21.434294186085438
ID_6VGNFEFP,34.45474386365713
ID_6VJM0NAO,25.713742513758277
ID_6WRAL1Q8,49.76716001180118
ID_6X9K7E81,60.38859944342348
ID_6XQNVMCK,26.61576738560076
ID_6XTF9OBK,29.335767608940174
ID_6XZDATCA,203.99171958103483
ID_6YK3LMKT,26.10332350489624
ID_6ZA3A3JU,37.87437345782803
ID_6ZBVHG3K,29.917870312035504
ID_6ZL73R15,58.12222572123502
ID_70CV9ED3,54.898082427646116
ID_71GJ6AKR,45.79574375633574
ID_71WC397G,43.89309326736614
ID_71YRQNFI,29.156892871867306
ID_72H1Z13H,107.84259157919716
ID_74BCRYCM,53.811659559862534
ID_752HZAHY,32.24986004393077
ID_756ID0UT,28.973195692315674
ID_758HJ73O,24.485442792687127
ID_75ZMHS4O,18.08723057161008
ID_77AR0A0Z,19.320266030333325
ID_78GWOH69,32.241816910509684
ID_78UV9T7F,258.03731245267
ID_78W4ND75,37.12669214239507
ID_796TAXGE,72.58542129545003
ID_79QNTYQU,73.66732341733653
ID_79Z1YMDK,35.95677044449403
ID_7AWNX35B,36.106950366313725
ID_7BPQGTS5,57.506710396782324
ID_7BPSH83C,92.4459752150369
ID_7BXHW69B,77.19235863556875
ID_7C4HMK3B,25.25019863294922
ID_7CBNSTI3,51.44755124232988
ID_7CNIS8HW,41.9833249214028
ID_7DKHDU40,36.34872525713353
ID_7DRE9OJ8,59.604348580837204
ID_7EK4LZEM,62.036504428097324
ID_7EYFX6RT,64.1379603575493
ID_7FASZWP9,52.59807550469491
ID_7FSQMVI5,116.38622729292463
ID_7GBOXWT7,53.46094883468919
ID_7GFV00GB,72.52965270164457
ID_7GRUTKIJ,40.61970753485922
ID_7HZQWXZI,10.310986098797017
ID_7IDV0CMC,43.97416646916079
ID_7IU21M60,9.437902183865582
ID_7J3C5APA,9.971640219971734
ID_7JL3KQ0V,71.6735002541645
ID_7JN9K42C,49.71295925407516
ID_7KLBB6IL,62.99574284824796
ID_7LMU3MF7,41.068830738152364
ID_7LZN1OE3,51.61430524815266
ID_7MEKC84R,63.394076852868196
ID_7O75C493,16.00241899961767
ID_7P7E82WO,92.89245254711477
ID_7P8BW7D1,157.82262862828276
ID_7RC7VFIX,63.08392684693773
ID_7SIQJWX7,56.46097106177337
ID_7UMUOLKM,17.12795904311684
ID_7UNCH7IH,27.48915966588892
ID_7V38ML27,77.63181040586623
ID_7VCMIEEA,87.5573726807516
ID_7VQL5NEY,91.9495374608783
ID_7W5MQCZQ,64.56834140668508
ID_7W5ROULD,97.44166847879434
ID_7X24FWT2,65.1240271751102
ID_7XJR8V5H,118.90988708986049
ID_7ZDM5Y7L,36.29868742309171
ID_7ZE1QQ8M,28.94136499609595
ID_7ZI2DP2G,62.70626005411153
ID_7ZNS057N,64.47989153578474
ID_7ZZEPTWN,36.08084183506394
ID_80PE1V8K,56.83413060863592
ID_80QBAO9G,38.01896590573115
ID_80UVYUAG,38.30670279618928
ID_80XJS78B,106.03797908888988
ID_8186MKOP,39.64870916276579
ID_81F9439R,49.05159522079741
ID_81WNHQZV,167.20282143479585
ID_86CYG4ST,22.438386912969488
ID_86VROQ4O,35.239303913090374
ID_86VWHAWL,38.84256097711213
ID_87FV6JOA,62.95246811250825
ID_8804P92M,44.23092731338468
ID_88ZCMBJN,136.20232742186138
ID_8AC3BT6J,44.86975955358206
ID_8AKAD0S7,67.72153760959462
ID_8ANW5D1B,19.82852250964261
ID_8AXM87PI,25.370407072765882
ID_8BDKOKQ1,38.969051404661826
ID_8C8PUSQ6,41.891568664175345
ID_8CDUMYKK,71.87022124439677
ID_8D18DIWL,64.05311926868596
ID_8D46CWAL,150.13121764786095
ID_8D5O7GPV,27.862832227591714
ID_8DBFEEPU,23.13709076805046
ID_8DGWD8B3,11.130238231199016
ID_8DQJ63Q8,104.05468566860104
ID_8E2F6LYD,62.4170091980966
ID_8E6Z6LBQ,54.6755075323525
ID_8G2MTZA0,103.56871826354384
ID_8GJ5V035,29.626786558206483
ID_8HS5TNNQ,81.27192270665792
ID_8HSAU8HH,34.05834834689515
ID_8ID54OFW,53.804006968686025
ID_8IUTLOEO,40.101766161293206
ID_8JQXQVCA,13.547109526260016
ID_8K0D5YCX,137.05149851295272
ID_8K2IXS0R,41.45435990251367
ID_8KCIWIU7,79.03989536409917
ID_8KKGEHZW,85.75664864953046
ID_8KPYZO1X,35.50285690989669
ID_8KUUBFNL,25.815530202758154
ID_8KZOLEEL,27.100353934733626
ID_8MA7F0L5,19.91148779248758
ID_8MLUEWTS,37.63769859965249
ID_8MMPKOKC,57.43870034568039
ID_8N1CC8OB,7.591954820615169
ID_8NBGYK8C,27.936900798142382
ID_8O8O8MDK,30.43080923398659
ID_8OCCE1H6,93.29938964354366
ID_8PSM2Z66,23.708645093137413
ID_8RVH2F30,34.72350220672422
ID_8SXQBPKC,35.0089583226423
ID_8TMRPQA9,59.888907035390126
ID_8U1BKM0S,71.41253588112889
ID_8URYOXBP,28.383775107205537
ID_8UVA2J1L,42.22348388841529
ID_8VE67PZL,65.15239958773994
ID_8VMT8KM2,28.56188383529129
ID_8W25LBZR,62.21358151885547
ID_8WV75U9W,109.96728238878376
ID_8WXWY0J7,33.233083130717404
ID_8XMEHM5U,29.676423757219183
ID_8Z8A2HWI,25.436868094728492
ID_8ZGH06PN,13.057900010476216
ID_91X7ZMRL,100.14077965916835
ID_92YJ0M75,52.681914900004436
ID_930WZ4DS,32.84038498540457
ID_93A3JF3Z,29.528159946481495
ID_93G00NDF,36.15657639701834
ID_93GDMHSP,97.49135066996584
ID_943FXHXK,50.218880388052995
ID_958QN3A5,40.687638028533904
ID_95NFWN7M,67.30835899830765
ID_966U3YQ9,26.597195091516955
ID_969IHOWA,21.22875065395941
ID_972W6HDI,30.562297540868656
ID_97IPWB23,47.81134301219511
ID_97M8JWKO,25.134492925796998
ID_983HG20M,97.09942348580422
ID_988D805Z,17.692176478965685
ID_98K1AC7Q,78.55248400707754
ID_99D9BXFY,32.274882463396736
ID_9AY3WR11,37.58457559473836
ID_9B3P3M7N,24.47967217941563
ID_9B5YZC19,58.910954641153566
ID_9C681D93,47.93234984267728
ID_9C9OESHO,126.89456709868716
ID_9CJTNE9A,41.55584880011193
ID_9D3OPYIB,104.5414952446124
ID_9DSX36AE,21.131617113938695
ID_9EEGWJ9S,49.99447315062462
ID_9F34EYLC,48.200084815426386
ID_9FD1MOCL,12.963155990110188
ID_9FEDEAQ3,41.90199735601101
ID_9H4O06JF,59.73967106305075
ID_9IDXFO1P,22.736765826954304
ID_9IMAN9U7,65.1878736963676
ID_9J12CH1W,47.33111020528017
ID_9JKFYWYP,53.44490074998961
ID_9JNHGHBL,76.34831096820864
ID_9K5H4FND,39.706249578730855
ID_9KAD41AA,34.18979181337754
ID_9KG85A98,43.842152363006875
ID_9L3X3VD3,27.718383822569837
ID_9LMWIL2R,53.216647756715886
ID_9LZR6JIJ,59.02765418163783
ID_9N7TBZCZ,28.566941461610277
ID_9NWONPTC,16.055468207834046
ID_9O7TKH3S,20.28113241447659
ID_9OXLC0FR,69.5950292597943
ID_9P0YNTT8,80.37812618490776
ID_9PLQ0JTR,50.56780220372274
ID_9Q2QJVJV,27.16653733606241
ID_9QF714VE,117.20334794457673
ID_9RA5N5L6,37.48105764265181
ID_9REMC6IE,16.34395955413219
ID_9RI4EYJQ,19.08910748964445
ID_9RI8RU92,102.74225511709604
ID_9RMI4VEW,50.35088252180223
ID_9SLFVA7Y,24.03292093089456
ID_9T2ACJCH,178.5104687046614
ID_9T4JF3C4,25.776226269211648
ID_9UM1VWYJ,89.14185619343147
ID_9UO3Z8J7,105.26818545267056
ID_9V68YQ5B,83.73594038611469
ID_9VQTJDAZ,40.30887830071005
ID_9VXW3N0I,29.713253645532113
ID_9W8ESKIL,62.1766175827528
ID_9W9CO2R4,90.6117715550111
ID_9WXSTTJH,43.44251466803834
ID_9X7KZSP0,20.434849164427554
ID_9XF5SCXG,32.410142405003754
ID_9XGIBZKO,22.618915967537326
ID_9YJUCTJF,42.4446400144429
ID_9YW588G2,36.15290864715898
ID_9YXUAGPE,51.373657898411835
ID_9ZNBFEYT,33.38448027234653
ID_9ZQXE9N7,20.072062234567813
ID_A00GKA33,39.933249569166094
ID_A0IE9XQK,21.246835251448864
ID_A17CN5LE,58.565988384094375
ID_A1KSNA1X,34.98596729032608
ID_A1L76T5X,70.72403457258778
ID_A2QXVSGK,35.65120309620325
ID_A3PGDVBZ,19.104462998067707
ID_A4MO1L9U,213.22072810359697
ID_A4XGZYJP,18.981915393265545
ID_A5IWMB3W,32.4187604639464
ID_A6134LBY,63.27018289529251
ID_A68SQRD1,56.933308641948315
ID_A69L09MP,49.57579300702092
ID_A6J5N3IZ,108.28251400070954
ID_A7GA0ECI,70.63234308918727
ID_A7LISWBC,19.888503581690077
ID_A7ZK4EGJ,37.087471491753256
ID_A801JX7R,104.97389195983743
ID_A807FC01,55.042124622749924
ID_A85TZALY,124.61077368383465
ID_A8AW2CYT,52.49970362022371
ID_A8KED66X,214.94446910362257
ID_A8LUHFSX,74.75834148968639
ID_A8WAHGO0,33.9222433721325
ID_A9CE0L0M,31.14953806093054
ID_AA6DDHNN,77.5688877858743
ID_AA7FHDPW,87.74736453093661
ID_AA80IO0F,181.0912156479547
ID_AAJLA86R,44.17427485825085
ID_AAUCTXSZ,21.05681927914096
ID_AB0AD9QH,61.254053577419256
ID_ABDJXIS9,64.25734598792516
ID_ABJTPKOB,70.77297085807207
ID_ABX3XDAJ,87.83622705903836
ID_AC71VOPR,76.79623417033416
ID_ACDQH6Z4,80.00109451294571
ID_ACJ1MPLU,72.7689337919063
ID_ACLJHSAW,133.8576581725269
ID_ACLLXQJ9,55.367074120197444
ID_ACLPYC4V,46.22815953337112
ID_ACPOQYP3,32.232623693024166
ID_ADFIF6EM,40.39888409029549
ID_ADSPN5T8,84.40417616333123
ID_AE48M8Q2,75.30932999294664
ID_AE6LCM8W,55.77436597999652
ID_AEEVDDWD,34.1405297271145
ID_AEHPLVQ4,194.4819597750068
ID_AFQTKB06,64.4812449994518
ID_AFRKVKT0,49.7840334580187
ID_AG3R0FRS,26.439661649935292
ID_AGB11M2O,19.36911266461263
ID_AGIYNNBF,81.29374393007295
ID_AHVD4SMM,62.802661447383805
ID_AHVEIGW8,45.11996589137188
ID_AIRM119P,16.682119847650327
ID_AKMZETST,43.30729000566866
ID_AKNFCUAP,13.001205230458131
ID_AKT4MMCX,50.006858465454194
ID_ALHTCI7W,31.181676911004637
ID_ALTMJLLL,53.25125980493107
ID_AMQGYLUA,38.42457878614982
ID_AMWCEFJK,130.02344081521676
ID_ANPJQPSM,54.58651230501971
ID_AOA02TVK,105.3361793283542
ID_AP0GBEGS,32.678505133489466
ID_AP5EEJP6,34.73613573662347
ID_APB9LM2F,30.974661470761895
ID_AQ72ASA2,31.5328690536047
ID_AQV1MILW,56.76757216957023
ID_ARCZJ7LV,40.039603852876816
ID_ARFS6FC6,119.39829988865236
ID_AS80EYCB,36.96277892916375
ID_AT599IDR,18.25931491840044
ID_ATABX1BO,60.055592859744465
ID_AUSI1ZKC,50.0469930983555
ID_AVO0LN3T,174.90559786422043
ID_AVRVCE6W,104.43655308756409
ID_AVTNEK8U,47.035362336583475
ID_AWPO9TJ7,83.3849019227789
ID_AX3SFEIV,43.24054519615824
ID_AX9AIA0W,17.04371942202293
ID_AXDW01XL,95.07665784097124
ID_AXSVCZCU,48.756464268072264
ID_AXYDSHAB,41.967169317930775
ID_AY154AVY,15.651844720744078
ID_AYK47GYZ,26.917561786138435
ID_AYUUOSU0,49.34822883507934
ID_AZ7MLFSA,101.54642811396853
ID_AZPQ1876,67.94596298682005
ID_AZTMOL7R,15.913546835513642
ID_B0GCOUE6,19.39948498029282
ID_B0JMWT38,32.88642720266522
ID_B0LW4J4M,66.12058027241524
ID_B1BWPHVL,94.2525887585189
ID_B1FE6QFP,31.94014541106597
ID_B1TH6MYB,29.806816274101973
ID_B2D58NB3,20.993779395762434
ID_B2EEWYR7,23.710669159525274
ID_B3DGZLRA,18.322807774960417
ID_B4J4EKED,18.09061515887462
ID_B4RMGJCX,99.72893665593622
ID_B4VKZF7E,38.455353655842174
ID_B56SDOAK,31.419029687221567
ID_B5GNSQZH,26.97655627745544
ID_B5V7Q616,48.184103814768434
ID_B6AVK128,62.224946845422025
ID_B6IK9CA1,50.17338977481154
ID_B7N9TQ0N,50.48631223188876
ID_B7Y1JNW0,13.318454135993324
ID_B80JJBX1,34.691380599452515
ID_B8JYFESQ,53.62615643464968
ID_B8YEQQTF,23.898228533644648
ID_BA3QCTFL,4.58052605650781
ID_BA4FJTO2,33.46558298727252
ID_BA91O1F9,53.018540315368725
ID_BBRD114G,7.5736206463547635
ID_BD3QDDLC,99.26093384129943
ID_BD4HB5D9,52.51463754675346
ID_BD8GTRWK,42.243954657493816
ID_BDDZJW98,44.53722265663322
ID_BEBXP78Y,53.90987808116377
ID_BEHPIJ4Z,58.79921308866909
ID_BF3ONF9P,22.542127546365727
ID_BFBO99WO,52.98510068743272
ID_BG5DMYP2,75.75992087649232
ID_BG8PTWIO,30.76615295287685
ID_BH07HPA2,86.35758357698562
ID_BH8KZEW9,59.654400099299615
ID_BHVTNVMP,36.0817058992477
ID_BI4CMGXW,50.659142826594106
ID_BI7Q9F9N,43.11527387765082
ID_BIP5AVPE,43.12854311039722
ID_BITUMZF9,59.19049302665877
ID_BJEVM63D,36.40659556776746
ID_BKUZPC2N,43.725734208858285
ID_BM0CQ743,87.82670493744335
ID_BM0O1SRJ,35.02455054426342
ID_BMEG07OJ,42.24472554720632
ID_BMXFFF7F,69.04772705048948
ID_BO8TFQA3,68.8598974692816
ID_BQOG61QT,25.52850668474783
ID_BQPE87DK,58.923643979305595
ID_BQRO3WKH,43.489134143709194
ID_BTV8QZTE,68.45237249270708
ID_BU27MC1V,42.89820334500865
ID_BW07XF1S,11.747970417266632
ID_BWCUQWKZ,55.4960100112916
ID_BWP97BW6,35.69081504893697
ID_BWPM1I8G,40.92375656143574
ID_BX9Z8VAS,54.41655628664331
ID_BXPG5GO7,48.41325525834043
ID_BXRSX7X8,48.913632461801896
ID_BZ9JPZUU,137.6835991267739
ID_BZN5U7BZ,57.5374136631259
ID_BZNQSL7H,16.504186669755796
ID_C03RI6BW,42.252825155937956
ID_C0EM46U9,29.29926645045454
ID_C0RZ4RMI,57.431231339843315
ID_C1728Q13,80.13214168931964
ID_C2K7Q35W,67.1575457045889
ID_C2MXRN6W,42.93648879597423
ID_C2VB8KW7,120.78221394626262
ID_C3C1W71B,8.503283025307683
ID_C3L7ASNO,41.62122853341504
ID_C3QPFRZF,100.72433538537202
ID_C4PP02JH,20.40739631132221
ID_C4S29YBT,31.833701893987953
ID_C4Z36HUQ,84.8035909343127
ID_C59OZBMU,92.45769958449424
ID_C68UCKNB,59.23118732064826
ID_C6NYO8M6,53.86766766355214
ID_C6S6ON9D,74.07228778587638
ID_C6W53NLB,59.80097202785266
ID_C75JTI4K,28.996181570361784
ID_CB4DTYNW,65.20189452795172
ID_CBG4LQP2,60.8834604752659
ID_CBGPUNPA,78.65942859909441
ID_CBMBF1KI,23.004789859690828
ID_CBT32IHX,37.19173646171642
ID_CCXII2GA,28.560453730944488
ID_CD98MAEM,104.28243844021227
ID_CDS4CISG,25.784321123774227
ID_CE6TRA83,93.25865463378393
ID_CE7U1WZU,74.94105280324789
ID_CF8OB9YK,39.548497897416006
ID_CFCG35QO,9.543751632488751
ID_CFDPI8GD,28.499969941466546
ID_CFVZ8OWK,212.87171481620976
ID_CFWP7C4D,66.61388901721409
ID_CFZLTJ9W,39.73820320484355
ID_CGF61REW,97.68925264710113
ID_CGOOC5IR,36.29620206644007
ID_CHOCRE07,32.25578922957205
ID_CHOEUJKS,43.09087791301865
ID_CHZM7C9B,65.89395422668224
ID_CIBV8L8M,32.46422782293404
ID_CJVQDDAX,159.2179974219472
ID_CKQOQW34,17.614048052538386
ID_CL30NZPD,115.32899410248936
ID_CL3PB4XX,48.50553467628878
ID_CMFZM82J,85.14805599109465
ID_CMNXXTBG,9.019452752796315
ID_CNC5H21T,27.432486911738287
ID_CNDHJHNG,73.50665826595309
ID_CO8KBQF8,32.506090185081106
ID_COFGUML4,39.97819506887306
ID_CPNPR6IX,62.447391310619906
ID_CQD3O3N0,66.42782515558481
ID_CQKRRRXP,50.649914962342656
ID_CQUG40ZS,81.84369636051277
ID_CQZWN57H,39.03405606293606
ID_CR0SFTSP,34.03187397846162
ID_CS2GTYKI,59.322164328281076
ID_CSPTD082,58.61552758209619
ID_CT903NJV,111.74536929880662
ID_CTMFOY6A,114.6694489334967
ID_CU2F1U1R,16.59200540153155
ID_CU2Q8290,57.86308469397805
ID_CU9SYN23,15.965493736176231
ID_CV2CTWSW,61.86292864458025
ID_CVC5VTE0,57.15486791484701
ID_CVCUYB64,35.55829771654475
ID_CVICPIUI,62.61214618981303
ID_CVYCIQN9,29.02451789521619
ID_CVZ8OVNN,56.842002544662776
ID_CX6C141F,102.6823678149254
ID_CXT63ZXB,66.07212240035453
ID_CY3UEMZ7,119.11543491142638
ID_CZZ3BVJY,44.30448913115133
ID_D27FGDS4,54.45316205270903
ID_D2HM9VV4,36.20520112472644
ID_D30GK0QW,21.60512176150211
ID_D36Z9V1V,68.89255162490966
ID_D3DRF5PS,34.971700076579985
ID_D3GJPFHB,32.448458185235886
ID_D41P9F5M,33.756641752639716
ID_D4X1810P,52.36430141192898
ID_D54A6J6H,14.158460784137326
ID_D56KYNK6,38.05931407741141
ID_D5PRR2J4,62.36751918925924
ID_D73R0OIF,24.22782539682762
ID_D7D4R30X,71.11441658273625
ID_D7W2TF8T,31.37641687877605
ID_D88KE810,35.834879135900486
ID_D8EIM7JJ,63.61087533274452
ID_D8KY48AL,34.23975378787277
ID_D988TX86,64.75595319912854
ID_D9MX1T14,43.16462581267591
ID_DA5DUJNP,50.40632789664277
ID_DA65XFD5,21.15899787817708
ID_DASV7ERY,70.96131742127784
ID_DCBK0F8E,56.665173655891394
ID_DCEIMDQ9,114.77612365483913
ID_DCXXN1OB,87.87619531636932
ID_DE3QTNLN,72.01307809509812
ID_DE3UB4KF,40.868247210713804
ID_DE5ONRVJ,9.224889181438606
ID_DEDX4TN3,42.93567075474947
ID_DEPF1MSS,61.25856453338277
ID_DFXKPLD8,44.43590471402489
ID_DG1AXLVH,36.500338395141654
ID_DGJRTB6A,65.0998467662566
ID_DGXU6OZ0,35.09611763206772
ID_DHK42JE2,41.21586847464993
ID_DHO9ZVK0,34.20173384321599
ID_DI60H15I,172.93565757655412
ID_DIR1X0KZ,45.96278123437045
ID_DIX6RG3V,37.9348042883077
ID_DJIC4I6G,29.107616017884915
ID_DK1VUM89,48.121983418149696
ID_DKUU6UT1,71.98707184993289
ID_DLBAWZP0,24.624117641649065
ID_DLBQGI3W,54.63158564822687
ID_DLGJ1IB0,33.964386206580734
ID_DLOM2W57,44.608912573023346
ID_DM7VHZLX,62.88411444530658
ID_DNEFMO3A,86.83512167602821
ID_DNFUYM0Z,81.70680376496466
ID_DNX6TIM2,16.814831246370066
ID_DOFGIZ8C,38.058903896405056
ID_DONCLYNI,27.55373873508152
ID_DPJ1F8B9,46.9954742278694
ID_DQ87BEZP,44.86785372821413
ID_DSB0NZ7R,32.58857212741
ID_DSB89IZ8,88.02465281650947
ID_DSG1N2YL,27.539805668378637
ID_DSZ6GG9Z,117.29560697647075
ID_DTRKWCTK,50.92484159575205
ID_DUJQ8214,42.580832333535234
ID_DV0U7X5V,16.232994161881006
ID_DV6I65IK,39.875600633470555
ID_DVSV9M4T,36.48430835300626
ID_DWBSV0J2,25.35184490558184
ID_DWBT9QG2,32.20981530210646
ID_DWHXMS0P,41.79467732352451
ID_DX4LF9E8,48.23344591782092
ID_DXL5LRRW,49.98714408917949
ID_DXTFL2W7,33.33575515501802
ID_DY0OSFCA,46.97153584384489
ID_DYGGVJEG,14.042305190073863
ID_DZ0PJW9B,29.091939974355665
ID_DZ0UNZPQ,38.91636521253202
ID_DZDKZHPE,105.47166330551516
ID_DZMEDKQ0,53.038746809908666
ID_E0JE5JBA,36.801288487702664
ID_E0RTY1Z3,33.635837559404415
ID_E1E9QI66,49.38743787238812
ID_E2ESTYUH,27.42046795259841
ID_E2RD3O2A,55.08462616865126
ID_E4VB6GLR,15.274440911780422
ID_E51LRYNG,23.171178144065728
ID_E5VMU8UD,31.650660843542987
ID_E66XCP7H,22.926932018728454
ID_E6IVDQKF,31.637036457188255
ID_E733Q1T3,105.20623574688693
ID_E737J0RP,29.13337257600733
ID_E7CHSAJP,61.64400878075771
ID_E7QDBOCN,27.206840938246685
ID_E82RPSTT,42.39187102463894
ID_E8FP7U2F,34.50015515515138
ID_E9A6T0EW,44.11713510848584
ID_E9F2SMY7,27.483150294487345
ID_E9QGS223,34.00510165809346
ID_EA1J50MG,49.94450178046104
ID_EAB8SGRP,102.56405873637775
ID_EBQNNBM2,43.37155938370349
ID_EDK38T01,45.92952088253158
ID_EE3WWGH5,58.86239154338816
ID_EED1CJLV,18.276245397688818
ID_EFC82UUK,35.5536623418517
ID_EGZVWMD8,27.088404132638644
ID_EHNN3BCU,28.38686587959593
ID_EHR2A25H,25.080129170088465
ID_EIGOXE0N,93.98471444050129
ID_EIIZ7UOW,68.64082207111382
ID_EJ6R0EQY,15.76058942977251
ID_EJ9BIF85,37.03555237027439
ID_EJJIT6NO,115.18603523270075
ID_EJMJ2CUE,120.3827308559359
ID_EKOTE515,40.125634788143486
ID_EKUEEAIV,37.406443976913636
ID_EL99Y5W8,29.60003581715768
ID_EM5N4TY5,71.6335447345486
ID_EN9VA13P,163.70542102269627
ID_ENGIDFFJ,56.58664135530204
ID_ENM87E47,26.0582486382885
ID_ENP4E816,108.25818549420067
ID_EOF5OU2J,27.807662678944517
ID_EP6Y7VIL,31.370087948864573
ID_EPR9PXFL,30.96848696031426
ID_EQ4CCP8K,18.83793127161498
ID_EQ83ESMJ,99.65710143549153
ID_EQVUNQOX,100.55258118958972
ID_ER337S3D,63.239558136532295
ID_ER4BZPJ2,38.53117282881911
ID_ER9NCWPF,94.51547038603341
ID_ERPR4ECC,38.828395054064984
ID_ERX3UFKL,32.708343139890744
ID_ES17IHPY,17.246510802816953
ID_ES9BE7OV,45.16610817934623
ID_ETMS3H2Q,88.93542182016085
ID_ETVI0YS4,66.54016785240464
ID_EUPGE6LM,56.23464276430858
ID_EV2JIZIF,98.37138699416755
ID_EV9JEVNA,48.0992799873938
ID_EVEQI9T1,129.50863745344003
ID_EVOU1S58,141.47954372202298
ID_EVTFT0M0,21.33428628761705
ID_EW3QVN7L,121.23111525270429
ID_EWVYP4VC,202.51600897416
ID_EXQAIY23,46.23951757165926
ID_EXQHF4BG,12.179170748246683
ID_EXSXUU3Y,30.85760997037749
ID_EYXNQHDC,108.16335669344315
ID_EZ6LLUC6,40.635643097559004
ID_EZMCSFV6,79.10650702757314
ID_EZTKESTY,94.31189812017678
ID_F0JRFDOI,30.2528253098666
ID_F0KMJI3F,58.61391525491753
ID_F2KYS5JV,24.995287072031857
ID_F2RDM90F,47.7962750450173
ID_F3MIP4CD,23.1646291348522
ID_F3MZ4CNP,55.20787530723452
ID_F3VHHWPF,28.953760747726406
ID_F41PBX6P,35.42012021846081
ID_F4PWGW5L,15.364329225697539
ID_F4QNEII7,29.296253262479972
ID_F4XI47RU,108.40785138831193
ID_F570F362,49.13033506812464
ID_F5BN0LNV,55.788063440100515
ID_F5Q2FD14,70.9300049283356
ID_F5U2TIRG,45.32047821588225
ID_F6NDRX1U,38.54601084961406
ID_F7EQONFX,56.78976527940778
ID_F7F1HUIM,63.0575447563951
ID_F7XB9OEO,146.18769273050594
ID_F8644Z6Q,23.30360100673628
ID_F8YCUILN,28.131921010406394
ID_F96U4P8F,193.00743255140338
ID_F9V18241,33.93796062969008
ID_FA09P5Z2,45.718161018576446
ID_FAQO7OQC,20.409285156243477
ID_FB8I06B5,75.81640927748046
ID_FBLCB9SK,46.488469699372374
ID_FBOMUOAR,89.967615271902
ID_FC5SXJQJ,14.908451762396163
ID_FD56ENNN,82.36393064456621
ID_FDOWNDFY,47.56761302425366
ID_FDSUV52I,34.02878184398517
ID_FFC9OP06,117.92013404787474
ID_FGF0F4IW,54.862541337378026
ID_FGKW949M,41.08825008093675
ID_FGYVPHXX,49.84540633694613
ID_FHAOH1J5,20.292462149521576
ID_FHLKLKHU,44.50209081984669
ID_FHZ3WZUT,-7.258486671690493
ID_FI5IIULX,46.796758147026814
ID_FIUE720J,164.27521246297107
ID_FIZTO1ZL,58.114279200221645
ID_FK1CZY49,163.3053813797652
ID_FKKH08GC,64.22947767046882
ID_FLALV0QW,60.74121289311842
ID_FLARVR65,64.41859365963083
ID_FLZIWXDD,45.44538719427197
ID_FLZS7EYR,19.00474329045425
ID_FMBFVKH4,25.26289964302179
ID_FMWLQH47,36.52075980694272
ID_FND3SUEN,57.001691772610485
ID_FNK3U7N0,60.75747165424079
ID_FOK98J7U,67.056684203502
ID_FOVE3ZWZ,24.181083040941054
ID_FOVH0PRU,18.89058865667103
ID_FPPSHGGI,52.758161252944305
ID_FQE9SVFV,13.576735109696987
ID_FQKP0P6T,25.660596668051905
ID_FQNYXAJ5,52.42963121796857
ID_FQPPAY9S,57.66495089980671
ID_FSWARE1Y,21.09535579043237
ID_FT9P4JG5,38.61379332268723
ID_FTQH7E7L,72.07522901555592
ID_FTY68DW3,33.62644864802739
ID_FU49K7VD,143.91021093301788
ID_FV2P18OH,36.512313504647096
ID_FV2VCKSF,27.343184119972264
ID_FVB2UI7Y,59.35795923294037
ID_FVJ6E3IT,16.92500298522722
ID_FXYTI8FX,59.63583486973825
ID_FZBOL8JP,35.41417866550497
ID_FZTX5TBK,18.681983369354203
ID_FZUYBZLL,79.38962490593615
ID_G02J5H0J,72.27870148343617
ID_G0OSMYP4,33.47660848337103
ID_G0QLVSOH,32.79601960405067
ID_G0TAKFJW,129.87475771580122
ID_G0WNM0E4,166.91708837228896
ID_G29CDCIG,26.822413834813347
ID_G3EIME5A,40.08204933042224
ID_G3GIZGDH,66.88362066585057
ID_G3TYC2BG,84.92010304830075
ID_G4BXY0KO,33.800947743534124
ID_G4TDGBTK,98.60194773228918
ID_G4UDYGEJ,44.01996697478847
ID_G5AXCD33,45.70097774306538
ID_G5DEV1QP,63.78548848584033
ID_G5HNPS0J,50.91511166402656
ID_G5RGMRRT,38.223806452462085
ID_G66HIYVP,31.965825033855687
ID_G6EU6FSH,42.26450109489932
ID_G7LB5XTD,25.92011990166827
ID_G88WHO77,28.697200413020845
ID_G8AQWSZM,56.013232240904266
ID_G9A41BHN,46.41241256930786
ID_G9N4U4NF,55.20619692984275
ID_G9SUWUFJ,60.11133752689929
ID_G9ZKK340,10.906692219180247
ID_GAJML6IY,22.29871635809412
ID_GASZBS50,48.26911482048765
ID_GATL9EK3,37.08723415035493
ID_GATOMND3,33.561804424079945
ID_GD0E479P,53.182317154222794
ID_GD4C5Q1S,37.10348010637054
ID_GDOMIUQX,29.48582723645393
ID_GER5XBZ8,48.259233183607044
ID_GF3SRN1Z,31.542310471975018
ID_GFWOWWZ5,11.734172665698042
ID_GG3QXNYU,13.738462810320087
ID_GICMGSG5,29.03090017190393
ID_GJ2CSTTJ,55.73694575102374
ID_GJ8ES7J9,11.648365769690322
ID_GJGH1Z8N,29.79194509877275
ID_GK2YWAHI,28.41000640075829
ID_GKRTVQ1A,13.889117366264646
ID_GKSM6UHH,59.723775687093124
ID_GKWTHZ9T,36.4721192167566
ID_GMNCWKVX,27.964144475468956
ID_GN9JDKU7,43.46045247830175
ID_GNP54RU8,42.453953130180025
ID_GNT4V8XT,38.62410547916528
ID_GNVRX9KC,46.76711807603266
ID_GNXCHPJ0,48.1552880868778
ID_GOAMWIPP,40.89903388757273
ID_GOOW7WOJ,28.729641202709185
ID_GQ07O387,60.74857393653146
ID_GQNH1ZM3,29.237762959213597
ID_GQNQ57HN,26.832947124479446
ID_GQSL49PP,34.954965915030876
ID_GRK1P9C8,44.04042673541003
ID_GSD8PZXI,53.362723419716446
ID_GSGQL2NT,68.57774352954739
ID_GSMBUEBZ,35.997961199335435
ID_GTLPJ8RW,24.724308142719366
ID_GTOVGODL,106.11436876959215
ID_GUIOS9I9,61.330301306943795
ID_GUKQ4EDW,100.95761671771874
ID_GUYORI6Q,38.450691864625774
ID_GVIDS86A,97.7443436681357
ID_GVL2CGXE,34.55010248704109
ID_GVYW4F7I,45.682125386038734
ID_GWMQ0MAI,13.683952700081008
ID_GWMXOGWJ,60.360783656886625
ID_GWR66WLW,65.04098653432959
ID_GWRBPIDR,37.17810467267828
ID_GWX6P529,55.355553910484154
ID_GX96CSPT,38.69162732819332
ID_GXS0QKEZ,34.785839885056006
ID_GXYDGT08,59.20088542514341
ID_GY7O2P5E,56.416225657001
ID_GZBYQN48,48.582299960776
ID_GZHQ6QML,61.6847926903317
ID_H0ZDIXA4,61.74420355694378
ID_H1AW2G1C,29.094270633036842
ID_H26R5BZ0,40.08667384691435
ID_H2UHRS4D,27.355553529958623
ID_H2XG46HW,53.5379251624901
ID_H3QNLOOB,74.50356146732943
ID_H3SBQK4E,29.924195128209544
ID_H3YE3ST9,32.25459957411362
ID_H59E5LJG,79.96878693566298
ID_H5I3IPJQ,57.12865757070914
ID_H5O10X2X,35.29441625542378
ID_H5P9JVDC,95.27061834147791
ID_H5V0N58M,40.54803742947008
ID_H7N6XXDN,21.13739347400683
ID_H83Z39HV,28.64772179319367
ID_H867GNF8,28.9947031299573
ID_H8J8ND9X,66.63611319595493
ID_H9LD6PMW,75.13512530813696
ID_H9T48H4L,25.76682629389809
ID_HAOX18EK,37.6270003624948
ID_HAPX71NZ,32.18995923647477
ID_HAYU94QL,74.95640874837052
ID_HAZ0IO9E,63.035177154380236
ID_HB3G1L7B,84.38502369160983
ID_HB5LYSQB,37.62099879899864
ID_HCN3SQHE,49.42868363199096
ID_HCTJVTE9,42.80836511318027
ID_HCVOTL5O,149.30486101607383
ID_HD8K1W4I,52.71443748535516
ID_HEUKGM16,66.5902754373787
ID_HFVHWX5G,46.363715488711904
ID_HG2579UF,36.1915720104507
ID_HGTKMAOK,19.782647369322994
ID_HHCEJDLK,128.74232679019656
ID_HHQC6R1Y,15.033910874241965
ID_HIH527AE,32.1478304183388
ID_HIQ7NRBF,50.09527236304998
ID_HJRXWP4L,201.15247076297453
ID_HK3OODWD,35.46701325766817
ID_HK9J0MDE,60.302047630234036
ID_HKBAJK6O,43.93617790923791
ID_HLDWLLX9,9.678408414150512
ID_HM1TP33Y,35.48628471621885
ID_HMDR1FK6,101.640412818964
ID_HNEFJ88A,44.819817133553286
ID_HP7PH19Z,214.5435741425095
ID_HPGQIBUX,20.536632658105674
ID_HRWIGYMR,32.74636621497722
ID_HS49J2O9,60.24565030730651
ID_HS901HXD,102.99367460073583
ID_HSA0BPO6,44.83588371221175
ID_HSQI3VDH,77.41249115621049
ID_HTHN90QJ,42.45530143575116
ID_HTZWV1JU,40.855853264513264
ID_HU9QNRW9,33.648604792482615
ID_HUB5Q83N,61.38981893259775
ID_HUI4BP63,71.34633255592246
ID_HV6LZZGF,58.44338872645062
ID_HV6MD9YV,105.04501772544351
ID_HV6MJ1FE,25.944127708093518
ID_HVU7XCPN,73.5042002551952
ID_HWJU0KP3,40.74556551587586
ID_HXAE1B1L,106.3634410846674
ID_HXIRMZ28,43.98074939307807
ID_HXRQ9FOV,43.41113860604378
ID_HY0TRLE9,29.282036588260006
ID_HYEJIS81,26.087579625949594
ID_I0GI5BPC,29.697625792762977
ID_I0S0EICU,58.91574743165502
ID_I0WBDDHL,131.7901738791357
ID_I0YWSWTH,34.437836562267684
ID_I26MIO7U,32.481973994580244
ID_I270DW96,32.72061455725484
ID_I2J3A1U1,64.44919074057755
ID_I33RW6EL,21.109732299723454
ID_I3AK2WQM,19.852531337757398
ID_I3FSOGQ2,26.826313466885587
ID_I4MEMECS,67.60190322775254
ID_I5P6QF02,40.626675417669176
ID_I5R25XV3,15.721455411955127
ID_I63RJUTG,50.09583068994284
ID_I6LQ1GWK,20.45376567596753
ID_I6Y4G0DU,93.02243009389093
ID_I7R7GV78,26.48987611541911
ID_I7TZSPC1,28.16754124635596
ID_I8JOEW19,25.091640925572218
ID_I91PD94Y,34.489588375898656
ID_I97BHIEH,35.22441080491128
ID_I98N7T9U,24.122153738831
ID_IBEG1OA7,17.634169048597947
ID_IBR9ON54,42.13730998636133
ID_ICACO69Z,35.01885291059903
ID_ICFMA8HY,29.822593323758966
ID_ID92667I,155.46400516464007
ID_IDUTFWE2,20.517391534175893
ID_IDWQPLZQ,21.23144322081164
ID_IF622JPO,69.09241263918226
ID_IF75YGHF,20.93686013870215
ID_IFCDBZL3,41.791759242920556
ID_IFQW2ZA4,21.113267494840784
ID_IGG7I9U6,7.1855558673854825
ID_IGN2V76Z,49.309567120238626
ID_IH17NXDA,20.890217483770193
ID_II8HBM0X,24.486579569539195
ID_II8Q9WM7,39.85752572853586
ID_IJTTVS6F,34.10095618110057
ID_IJVD3IPA,159.08673611221363
ID_IK4GH04J,61.55630563597548
ID_IKIBBO06,100.81880778510167
ID_IKKJ1G2M,78.11954793958574
ID_IKLK5OBK,63.53104403188911
ID_IKWDL28R,15.07131100692007
ID_IMIFVRPU,32.21328547436953
ID_IO3DSM1M,43.463164081640215
ID_IOW2HZAA,89.76894270393164
ID_IQMDFXSK,-1.8130329865430508
ID_IRA10OW0,24.71139653582823
ID_IRGVINQG,71.38253311489089
ID_IRY2R3JK,25.506941295391897
ID_ISP6CQ2D,35.86944734618783
ID_ISZWECPS,51.32615900441287
ID_ITN62704,63.23633398456886
ID_ITZ62UDR,32.95692908904239
ID_IUIMF7LH,25.032460799059383
ID_IV3GA626,52.38092473675269
ID_IVNC5NXE,48.66831572781836
ID_IWHXQ4B6,23.91434659928652
ID_IWJBLJ7I,32.94447399919078
ID_IX5FTONK,81.88812216090328
ID_IXA2R63C,46.40055355562815
ID_IXPG70LA,55.3683345426941
ID_IXRJ260H,10.71286011697961
ID_IXU3UWUB,93.51071947117993
ID_IY2L5FGO,47.44055568887781
ID_IYE8952T,20.026153528785382
ID_IYPFYC5G,63.794029410700205
ID_IYWZSWP2,26.51439972639216
ID_IZ8SFP7X,46.58341125442003
ID_J05YYK3X,120.6285907808521
ID_J0AC305Y,94.81766635902247
ID_J0O6AD64,88.54412607988539
ID_J0RTV4X6,85.12052572444631
ID_J1TQJB62,91.07349769142547
ID_J2CZP6WA,21.074711581877303
ID_J2PR80EY,7.859073297580505
ID_J2TDF2SE,153.93667912121438
ID_J3A5O1OT,49.652812414403215
ID_J3WFO6WG,81.32399208496524
ID_J4WG71RB,38.30109721185828
ID_J4WU6A52,29.318061185013807
ID_J5NLXWHF,96.31438104862588
ID_J6E0PB9F,32.61881695598946
ID_J6SOAN1T,42.07550557515834
ID_J71VJFED,49.62058460732503
ID_J7JQ5I7U,52.77501823500412
ID_J7N0WFC9,28.29151431187287
ID_J7NU6RMX,92.99777773641154
ID_J7TBMCQB,10.375554632814989
ID_J7ZVSLP5,28.458144298022976
ID_J8MMQXDJ,34.77673192994591
ID_J9QAVMRB,37.46746569791297
ID_J9SFLWTG,18.981585236226003
ID_J9WI8LP9,105.33472709914706
ID_JB4KSW0Q,64.03985687223557
ID_JBKPHR3L,36.888250173036
ID_JBY3Q98M,33.55906415257874
ID_JC2BT7UI,68.31253597472644
ID_JC5GH144,48.567473238954946
ID_JCI29COA,233.74058178821213
ID_JD72J9NP,27.04330585033564
ID_JDE4NGQN,43.07009230492365
ID_JDG7B1JX,57.5355217363927
ID_JDSJE9YA,51.9407332716375
ID_JDXE0UYL,52.98291620054994
ID_JEBGW4GD,26.656373230489827
ID_JEVVQV90,47.14351651283806
ID_JFI1U6HY,110.10051033434034
ID_JFLG5Y6L,64.97372845665403
ID_JFM4ROA9,50.91928247310229
ID_JHJKYYDO,47.4096607602778
ID_JJP6KPOV,40.97246624076175
ID_JK1WOEWB,43.24051617152596
ID_JKACYILC,27.91882549978275
ID_JKL5LCCA,81.44590400781173
ID_JKRBPW4Z,47.0563048350558
ID_JKTO1OQ7,25.447997431052578
ID_JLJ0LI24,99.6482852126943
ID_JLYMBZFP,41.58580017449182
ID_JMAU1GVE,93.12526496291872
ID_JMTMNSYB,49.50925142454925
ID_JN3QZ9E2,35.777174596013275
ID_JNI0OM4A,38.99467301803283
ID_JNOMMUO6,27.298495985076347
ID_JNXY81HS,36.04765753008981
ID_JO5M804Z,19.899764443827046
ID_JOCJ20MN,53.40089163020881
ID_JOP9S0G6,52.89015714610473
ID_JOU8PMH3,141.33370055788913
ID_JOYI9FUM,62.32327580339604
ID_JPRYOOYV,27.63092067699733
ID_JPVVK6T0,32.62226268585074
ID_JPW42YW8,58.1767864103193
ID_JRXQ5ZK3,20.19054275583733
ID_JSJY4P7L,41.70832164837746
ID_JTKMFK80,89.80106457696218
ID_JTVR0FSF,43.387383781440654
ID_JUAFHSCQ,4.651471080414404
ID_JUGO5XPH,30.1038564926428
ID_JVIDUTJA,37.00979925365009
ID_JVOHN0BM,74.22882961328453
ID_JWEJIGYG,18.97779768940556
ID_JWFWP3KI,13.910715317671515
ID_JX4QLST0,31.291074776322162
ID_JXROVLTZ,72.32397062595999
ID_JXSST1I1,62.13568928853336
ID_JYL44SZO,17.454300078077846
ID_JYMETOK5,26.249055864526795
ID_JZETZYQI,51.15012578943322
ID_K0357403,21.58679285746211
ID_K1FAWN4A,79.77123845584434
ID_K1P784YJ,45.86971131597282
ID_K1SW8AI9,66.83959160604725
ID_K23W30MP,45.09304133408372
ID_K2J6X652,69.26682280760112
ID_K2LVNFXJ,78.1905230619543
ID_K2Q3SHLV,46.31374049546122
ID_K39T5D85,63.575215579327555
ID_K4FFNP1G,65.07328563698331
ID_K556U76U,89.79205080833174
ID_K5PEGF1Z,63.720264002522
ID_K6E8K299,66.9016791077068
ID_K6LQRDSK,48.17379854358842
ID_K79STIIS,76.17877932470822
ID_K8P4ZCK4,114.37936249445133
ID_KA74HKLC,47.34064424801474
ID_KA84GONW,47.59108445054861
ID_KAH0UNSO,58.15854207826873
ID_KAJRR7H3,46.609051404311565
ID_KB0DDJJU,31.031666890499125
ID_KB4L09KF,120.42111768845216
ID_KB8GYPBD,28.284151014644475
ID_KBFKTXA6,141.1686156003106
ID_KCBZTY4B,103.27967657526088
ID_KCKBJVPH,71.98227639272048
ID_KCTT0TF3,15.758907023918393
ID_KD0I2HMV,44.56416130853458
ID_KD7AE5G1,30.43199608223802
ID_KDDH5T81,87.49236741612053
ID_KDHTF9DG,27.40602653168889
ID_KDOLLW72,99.96605723519112
ID_KDQL4WQ2,15.671551281442675
ID_KDQLSNDI,24.93579078283977
ID_KE721MQB,28.850834411663378
ID_KEEZ8ARR,22.711285746864355
ID_KFY17W3J,23.396070957001974
ID_KG6IFRGK,121.82750846608604
ID_KHHIIZKW,43.35423701510815
ID_KHIJJDHZ,34.35528683206561
ID_KHNW0H6B,31.46979427773391
ID_KHPHPJVG,58.54913684417386
ID_KIWJACH0,11.02404413009773
ID_KJ8R8IZT,43.13528530183684
ID_KK2IGAH4,48.946482665729036
ID_KKB1SBG1,79.68673273325126
ID_KKCX19L3,79.49879925671844
ID_KKIKCZ7D,42.67077329458594
ID_KL3KLYRR,38.36404713083482
ID_KLBX6EKO,25.78896367399576
ID_KLFUER5G,67.43358426760986
ID_KMCUEJCL,39.73760617749105
ID_KMKXCBYB,75.0339930031279
ID_KMLHP3LX,39.78982003094893
ID_KOHUF2ZQ,38.14503118810722
ID_KOT61RQM,12.570226285823612
ID_KP0Q63H8,74.88258751746287
ID_KPPCL0AQ,20.63214259529291
ID_KPZKN00A,20.60989487873268
ID_KR4104FW,50.409015397403465
ID_KR80AYBH,69.10946534376009
ID_KS6YBLP3,25.67007571949563
ID_KSIGRH5T,29.077055789513313
ID_KSRNCRJ6,48.05427002353695
ID_KTDUG1A0,35.91204969103742
ID_KTY0I2ET,38.29124928598091
ID_KTYF4JG7,20.69056901035271
ID_KUAPYN3V,17.492890010536495
ID_KUH3TSH5,41.61053106734223
ID_KUN8BSS4,63.12945452488858
ID_KUR6RRXD,39.885903173131425
ID_KV98BU2X,56.840088763416546
ID_KWNRDVYH,91.5724539055844
ID_KWRVOEZM,36.16726587995389
ID_KXQPQC1Q,54.025211026237045
ID_KYKHFEBM,52.29404343829711
ID_KYR0YRWG,47.12277313741698
ID_KYSMPI32,33.424931156089485
ID_KZUYCCLP,25.508398285602183
ID_L0DP4HLX,82.75773414576719
ID_L11V40N5,99.81103945963312
ID_L1KW8BOC,100.56077500474291
ID_L1PHMRA5,36.501650313961086
ID_L221PJDL,56.33236093349111
ID_L29V81ZP,14.834367182941367
ID_L2B39HP6,17.429316234881632
ID_L2U9LP1D,59.03694252786252
ID_L2ZFWHRS,26.990676704718602
ID_L32YOWRV,149.437737265831
ID_L3A4Z2S3,57.2126946077722
ID_L3D2N0U9,133.46122080393062
ID_L3J071WG,95.97299706842
ID_L3RFG80X,85.11844195275282
ID_L4E3O1JR,42.76521484004103
ID_L4HOGVZ2,27.88310736720799
ID_L5UFI4ON,89.22554379325476
ID_L5W9RP2B,41.02139980165972
ID_L65SO1LK,39.26879117838666
ID_L6HPBG9C,59.18639865698803
ID_L6NZJIWL,101.30334213969752
ID_L6P5F1XB,40.42367868139991
ID_L78XOB23,81.0855423090611
ID_L7NC7IHX,60.29704411815086
ID_L7O3O93X,111.10456592977724
ID_L7UM1QNQ,43.988173446180454
ID_L7X7YGET,115.31497904049445
ID_L7ZI0YBT,64.76904649214445
ID_L8CSXC3C,93.98175919350395
ID_L8JQ2R48,26.999071348591627
ID_L8T8JMUI,171.0033072648689
ID_LAUPN8LS,46.753763034859254
ID_LB3ISO3W,78.49787299654481
ID_LB7SXKQ2,42.82332716821747
ID_LBN3ONVI,45.324001888441316
ID_LBR96ZM1,25.985378965216498
ID_LCU7X5GD,25.697410421564097
ID_LD0X1B1I,138.40000804033707
ID_LDPNU9AM,41.28580180221998
ID_LDV53NBR,62.92182167888228
ID_LE133DNN,35.082469439672266
ID_LE6Q7WBG,34.31671488382854
ID_LE94FHA8,37.57985617016861
ID_LEA8NW6L,50.40877316152738
ID_LGQKEDO9,45.98275066924944
ID_LIH3D8HQ,48.07588949508103
ID_LILL6SPF,37.56423436429464
ID_LJ1BU3CZ,104.59773076536452
ID_LJSOZ81M,5.604248593654193
ID_LJXKI7BC,52.385783806009556
ID_LK20JGMP,44.31514932636395
ID_LK23HFT2,62.733805490014866
ID_LKEPP7GU,37.333153766791455
ID_LKR3JNCE,110.13453175044714
ID_LLPIUVOL,39.482925853614745
ID_LLXJAMGA,16.836972251506836
ID_LN403EBX,51.874783338423505
ID_LO42Q3K0,32.618532847798576
ID_LO4MHWN9,29.466118001264192
ID_LOASIUVJ,80.91017345002587
ID_LOFNMMPU,88.30087072845961
ID_LP0RP3FH,41.799453148210816
ID_LP2ZM8K7,121.5073699756224
ID_LP9Y494M,37.785507492706586
ID_LQ79WQMT,48.34710632747461
ID_LRLT31MI,26.753691529955642
ID_LSYMQI8Y,124.53556379273108
ID_LSZ38W8C,29.385827472559953
ID_LT5HA2UC,71.47073536063365
ID_LTMQIJNS,58.15006593818889
ID_LU1ICJVU,61.140024212865484
ID_LU28WPVJ,58.016990125198696
ID_LV0SMU4H,65.91708699684628
ID_LV7Y50XY,60.232081021657294
ID_LVODDTSW,62.465229444849314
ID_LWUWDNEV,106.32218587091597
ID_LWZ7GDHI,55.16472192775038
ID_LXBH7SO0,40.91706979109893
ID_LXXTX14Y,38.45866099495282
ID_LXYYE4A7,99.435893623943
ID_LYPHTV7S,73.87526752905005
ID_LZ1H2W3V,85.01950437427104
ID_LZGYNIAT,72.08094979203601
ID_LZKTPZWV,31.674216407809435
ID_LZWJCGF2,35.510301942783734
ID_M03IIOSS,44.3624271266479
ID_M15J33NA,138.00267605138953
ID_M1KO5ONJ,54.199389977435565
ID_M1ZETSFU,40.06623029144535
ID_M2030A3K,27.940111799253383
ID_M2XGWYUR,30.53666551715246
ID_M350L18G,56.11678482931631
ID_M4I6KHSM,25.668528068203912
ID_M4PGVGWL,42.10086204139965
ID_M4R452TE,29.64188749626159
ID_M5LX4O3R,10.731973680948416
ID_M5MN986X,44.26950148739579
ID_M63VAWTB,33.68375123521749
ID_M6GY3WOF,37.959994171256334
ID_M6L255XN,38.5609678334115
ID_M77WSVXW,17.93828161074858
ID_M7SPRCUY,34.673602930423
ID_M7UPIFMD,52.31123713674694
ID_M7V8V8PO,17.598164260044406
ID_M8KH10YM,34.244387610708316
ID_M8PW00GQ,83.00698076411979
ID_M8S37RP9,86.11782504056518
ID_M8TICCZB,43.51020261841582
ID_M8W5B03L,40.896833361253584
ID_M9HGTM87,90.07983701605713
ID_M9L8DI1T,21.001459188000748
ID_MAM89VFX,36.59925420546701
ID_MBBOL4F4,106.16932482583665
ID_MCCSGLH9,10.097521663836817
ID_MCOE3WG4,47.85538364021572
ID_MD1217LD,53.93155324447661
ID_MDQOU7UV,47.5943766789057
ID_MDRQRBZF,65.3558217254701
ID_MDY80P9U,38.36585435627352
ID_MEIMIITN,116.6869610099915
ID_MES0L54H,48.94885063896337
ID_MFGZXRNJ,130.62988476354388
ID_MG5X31OV,46.676512806488965
ID_MGMFDM3D,36.07320038788983
ID_MGPDZ7Y8,78.77764285955669
ID_MGQL3HKC,58.96072258955557
ID_MGZS12MP,41.45052996452974
ID_MH25MKEB,91.28797172540271
ID_MH2SFIME,59.713949847428076
ID_MHGCMNEM,71.56129393463567
ID_MJNMDK6O,84.86932858730442
ID_MJTMI7NA,113.53375126327734
ID_MJV10O5M,90.86989076825058
ID_MJV75G1B,58.71453719134656
ID_MKD7DLNK,53.93645915518553
ID_MKUGVB9H,21.16890523882667
ID_ML0Y720T,36.06411887393968
ID_MLCJDDP7,55.1224255095717
ID_MM70JA26,127.89007237451104
ID_MMK9JX5K,40.197466509121774
ID_MMWDRMGK,94.72599690920156
ID_MMXVV6YW,64.97443467069395
ID_MNOK40HY,58.02706029112886
ID_MO3KHK87,30.29097875354482
ID_MOH43BDT,42.81095652437839
ID_MPX27ITS,28.16799767915742
ID_MPX2HDID,18.641347892586168
ID_MPXZSY6Q,84.19694778126876
ID_MQHDQR5Z,70.86132590004219
ID_MQSJNE22,45.14168268675548
ID_MQVYHEME,58.59737246854459
ID_MR1O6AKR,44.5171527410791
ID_MSWGG37C,24.763316737690445
ID_MTI7FAQF,14.161375904569656
ID_MU3NCDK6,12.271746977765435
ID_MUI47IEF,83.29154031920457
ID_MVIYRO8T,206.63245231172084
ID_MVJGACZK,61.521542628485605
ID_MW4F281Q,65.27571407504448
ID_MWE0ZKBX,25.17567460093129
ID_MWKR4IDN,34.30212659627368
ID_MX5P7L35,37.96710793488116
ID_MY3OTZP6,195.88908882650398
ID_MY7ELVL2,131.94541399571463
ID_MY7ZI48X,42.653454037386915
ID_MYSL451C,58.028004620273144
ID_MYX0A11S,24.343000065384036
ID_N0EXCI3G,54.90200490822287
ID_N0N3UM9Z,48.56549865216024
ID_N16JXGQS,69.21707137608931
ID_N1QQ7A5V,38.02769959895434
ID_N2121HO0,27.054192448514925
ID_N22VK7B8,36.04874485907026
ID_N26LL1ME,25.28630363048384
ID_N2CSA9TW,63.077069794508596
ID_N2KNR5OW,39.23014917081737
ID_N34153HW,28.52665501598111
ID_N3DAFCYB,72.87359947359433
ID_N3G30H2C,20.281216809593158
ID_N3Z8EFEG,47.22883923542473
ID_N5COWW8L,28.978572098549527
ID_N5F7DUKU,71.3495411209167
ID_N5PMKKFL,51.73425748352539
ID_N5TEP39R,24.17861842356411
ID_N60TFA5E,53.30826950747628
ID_N7KRF4JA,63.382591828993135
ID_N8SJ3LDA,32.449555492916225
ID_N8T622VB,16.58506671892544
ID_N8U3K8VR,29.874900731618478
ID_N926GX8J,62.42597149036256
ID_NAA292TU,33.734385911464976
ID_NARI0E12,31.56374141620859
ID_NBAO7Z59,49.94659863913036
ID_NBRRME5H,22.136756151327123
ID_NDCOG6KR,33.16187924023497
ID_NDXYQ0YQ,55.973459299229745
ID_NE7239BX,33.35073243038203
ID_NEWQZVGE,14.201829784529266
ID_NFPV8E3S,54.867934573379586
ID_NG9ZTI2G,23.927477148117838
ID_NHB1W8DP,106.59170349558721
ID_NHJKZN7Y,129.86126379475547
ID_NIHGF86T,7.155855001850824
ID_NJ4NUPPP,20.940907173041182
ID_NKFGOAOZ,54.79781572180723
ID_NL1XPIK6,89.85934850189861
ID_NL6W16JI,44.131536546816974
ID_NLSTH4WF,68.2591222198449
ID_NM4EO8AR,16.64362245258559
ID_NMD7N8QC,44.42947797675316
ID_NMFN5BPF,61.281624620624456
ID_NN80U7QK,39.30000674351189
ID_NNWKPEBH,42.11236875370554
ID_NOYQQ79E,48.929779450999135
ID_NPW7HWMK,26.24003055959111
ID_NQ5DNWBM,34.10766601429138
ID_NQSZV6HS,47.9426950367349
ID_NR09NH8L,43.35066125119229
ID_NRT5N8IP,69.31246425854371
ID_NSE371YI,18.13268504063491
ID_NSMF9KBL,202.63467842129495
ID_NSXOLJGX,27.066451870821844
ID_NT1XFQ2J,66.64386563644265
ID_NTT2X5OA,89.18406752258636
ID_NTW4MMFD,42.874359272546734
ID_NVT604YM,81.84755319403108
ID_NWYWUNK2,29.059841537190984
ID_NXOVCKQF,48.46362951539322
ID_NXTRFK4A,21.94818963731196
ID_NY79NZBJ,50.44853074438777
ID_NYGI2R2N,76.56081204051877
ID_NYGUF89D,38.4657778246665
ID_NYTOG7MC,80.999453925773
ID_O0IAKBNJ,15.242750516376365
ID_O29IX3YR,63.70395779071237
ID_O2EE7NYV,47.570050131733375
ID_O2I0J79O,9.709885156907088
ID_O3IQAB9V,126.5198433286884
ID_O4E19CC9,65.09700147910121
ID_O5V948R2,41.15617518188682
ID_O6QSG36V,49.372536429306116
ID_O7CCAIOO,53.39203693714055
ID_O7FCSTH3,50.63733158042215
ID_O7T7SBDH,20.64019723367487
ID_O7X1TWMS,53.37077757092913
ID_OA0PB72N,39.3825870477475
ID_OARS53ZQ,28.984256000259787
ID_OCWKAC9M,20.248559218983086
ID_OD2N3YWP,92.48254695461837
ID_OEARMYGR,58.56096605867961
ID_OEHGU44G,29.57736229661547
ID_OEM2O5CM,17.706172085117824
ID_OFG6CR12,82.12783496020313
ID_OGH3GNP2,48.893899354249925
ID_OGR25R9I,30.499482880951025
ID_OGX1UHT0,39.844277361158454
ID_OHENSVGU,46.87380262618661
ID_OI6OGN9E,65.44857879749378
ID_OIT27VW1,99.69052108493422
ID_OJ6GNY2J,24.41070853975573
ID_OJVW9BBG,43.84477133464513
ID_OKTZ1VDM,27.087795890099336
ID_OM1TRXYT,34.5638212957257
ID_OMQJZHZF,33.45870496395763
ID_OMZMB2Y6,81.01850238023277
ID_ONBQ3647,21.776370736270675
ID_OOBXAB1W,45.319696899830326
ID_OPTOY77Y,36.42601138585649
ID_ORJB88AP,26.542349901278104
ID_OROWSC6J,114.81597948618156
ID_OTFVY0KY,23.742356863991542
ID_OTKS0SLP,40.5922271786953
ID_OTQBEPYG,19.739249590896147
ID_OUIMTBJ6,131.9042115431624
ID_OUPNKYGT,100.41553740202389
ID_OV3OK0LB,60.90795110027632
ID_OVNLY65K,43.167444540562
ID_OVRTY7AS,70.46050113945856
ID_OWNB0P7K,23.671559835410147
ID_OXGJWA3D,63.865174605413316
ID_OYBFFBB4,87.4881592738721
ID_OYE1WHCF,136.86101441994742
ID_OYG4084F,35.380154786292536
ID_OZWX1S9Y,25.748475058360867
ID_OZZPSH7J,66.55378702230183
ID_P017PN56,39.308731631155474
ID_P0A1URQG,12.77887163886769
ID_P0VO0IC4,16.794173469742823
ID_P0YDJH49,29.12549022040171
ID_P1Q054KI,136.4908744113517
ID_P2B2K0BS,37.38817138156943
ID_P2SALV5W,33.682779239999824
ID_P2UO2J3M,34.376988756369755
ID_P2WKL9QE,89.72883017980215
ID_P4DCJO66,28.61863515409207
ID_P4ET5UYL,49.31930781383867
ID_P4O875EW,41.11567866042537
ID_P5C3LVCR,44.782398465395026
ID_P61AAWN2,25.51757993331091
ID_P6B75830,24.398424969843667
ID_P7CQYGUW,8.917622476781071
ID_P85IDSEC,46.85762825891538
ID_P8OOEV9V,29.312955195350774
ID_P8UQXPOZ,42.64223888194174
ID_P9B06TXF,64.78613177459212
ID_P9DKE0PV,10.94064277695394
ID_P9J9L213,32.03349450561027
ID_P9KTHB8I,133.53661276742267
ID_PAT4IALW,31.166111300341264
ID_PATQF5OB,60.9593695590744
ID_PB93IF78,70.06315028326803
ID_PBC1MET0,75.07694051468667
ID_PBO45PL7,28.940674051968735
ID_PBQQ9Q7H,31.948729619187432
ID_PBYTIA4P,82.60011790632099
ID_PD7J7EUY,19.55041876706889
ID_PDBZIEBR,29.999913164474453
ID_PEJXP7CX,146.59380971114942
ID_PEQ3HKZ1,47.427783579675854
ID_PEWJI97K,35.327068494519516
ID_PF82JQ3T,50.404030404241446
ID_PFCEXUBN,69.47310696802717
ID_PFZQIJLK,95.77761601671058
ID_PH125S5Z,32.80535273893656
ID_PH3MOT9Q,26.35094069599076
ID_PHARAINE,22.70025938467927
ID_PHEGWE76,43.00149972178472
ID_PIN0YW9Z,40.61746335038364
ID_PINQAHNO,76.02426711492028
ID_PIXZT3R5,55.03253661219083
ID_PJHCUUP3,37.52740047734633
ID_PKIBR9AT,21.151480270466976
ID_PKR12PK4,96.85932243453561
ID_PKUS9NG5,66.34903830188102
ID_PLR97Q25,39.94619342686475
ID_PM5IYBDN,33.76346800874086
ID_PMFYPCHL,48.14327986173399
ID_PMP5DKB3,58.87868120196923
ID_PNEHIA23,61.40191111428261
ID_PNL146PC,34.47711597787569
ID_PNLL7G98,51.42726528479397
ID_PNNLN9T8,133.68465012174568
ID_POFMAYZJ,38.57798256591103
ID_POHUTENN,80.96482930067327
ID_POTO8YLK,43.81435772629249
ID_PPTCRCND,32.87637756445223
ID_PQMQM37U,50.96732226420539
ID_PQO8Y0EW,32.85224505256827
ID_PQQXN5SP,108.75204475730942
ID_PQTX04K4,27.43731281466791
ID_PR2S9V0U,58.60892520919426
ID_PR854TB6,12.851915440931618
ID_PRA8QBPH,24.03668785649245
ID_PRK4FLY4,66.5293079663402
ID_PRT2CR8F,59.96887610543555
ID_PSPN0JLQ,49.63912028645376
ID_PTXPR5JQ,46.916293498107194
ID_PU1DZP79,37.46479801830204
ID_PUA3AWFV,37.5201583504753
ID_PUAKYMQ1,13.911934965112252
ID_PUE0SJRE,67.18624041768372
ID_PUITAT2P,28.478100979725358
ID_PUJSGXKC,76.44816351892906
ID_PUK428OL,67.60886877987429
ID_PUQQBDD9,52.06659512353773
ID_PVIJIL4K,103.85207906814382
ID_PW0S0OG4,21.536576033332352
ID_PWN1VT35,23.93470809786532
ID_PX4GM8SN,33.09682011169009
ID_PXA06V9M,54.48104929228836
ID_PXGRD481,35.60587872380725
ID_PXMFHZA2,28.531837559387277
ID_PY53R7EG,60.94518623619837
ID_PZ2S2Q3U,47.202057190230235
ID_PZAWI6ZQ,22.792013528007498
ID_PZQSZHVD,29.295832296543605
ID_PZZVIJ4O,52.655457102213674
ID_Q0FOITZF,13.662227147838546
ID_Q0UM2MPW,50.14790847969137
ID_Q1GTPHJK,18.259384222439746
ID_Q1KWAVWV,27.172027447542824
ID_Q3TFOYTM,52.868182846821256
ID_Q496FWMT,50.89254693222743
ID_Q4YFFLZM,84.49049467167413
ID_Q5VIYA3J,25.634250005654135
ID_Q63VK8K2,28.796908971724623
ID_Q65PZHVT,117.50836406647477
ID_Q6CYV6PQ,34.839764578745864
ID_Q7HMQ204,48.53256616205292
ID_Q83CJCHD,39.253598139873006
ID_Q8BRLX4U,50.22846330476574
ID_Q9E88H3C,35.017168390820956
ID_QAGIQ717,12.941879337630972
ID_QAR2HC76,61.73847487480032
ID_QBNL3AJI,54.67466814694811
ID_QCJ6MEL5,19.13366806658808
ID_QCKIF81Y,92.67465709117744
ID_QD1TMGAR,83.0974825629863
ID_QE3RRIGV,37.0650605979602
ID_QEDAR4GV,65.04811026651043
ID_QF4VC77F,86.19934893855677
ID_QF590X6M,136.20745669393904
ID_QG5JNJQW,62.06146200616696
ID_QGQEA5DC,65.89223131267174
ID_QIR19KSK,78.1055236405202
ID_QJMM22RS,84.74650189428881
ID_QJRH49EA,47.08433033618411
ID_QKGJI7AM,150.00993388776183
ID_QKHKZAM4,22.94840110578811
ID_QKX0VMUV,43.62787617300718
ID_QKY88KAP,178.24180184088743
ID_QM0W4FYC,139.88724360172372
ID_QM7VKL5S,68.22859146921434
ID_QMX20BAY,41.88025062514496
ID_QNL13QO7,33.6916218338571
ID_QNPXIA21,91.8929549108586
ID_QO7IL9RL,34.370614432977554
ID_QOENLX8Z,50.58411983244025
ID_QP6925YR,41.08974442989448
ID_QPBMNWWW,47.83256370321915
ID_QPHXBCMP,91.53631687978088
ID_QPJ0EIYG,38.35912221108974
ID_QPMCPOJP,91.63404387198516
ID_QPOU1W52,20.585995473636043
ID_QPZX5S6E,31.833107292517433
ID_QQMCZYPO,33.01439244218343
ID_QQPQZ946,61.6668752811197
ID_QQZPS42G,24.42245576055665
ID_QRB9KESF,98.58850264705035
ID_QRSMTKW7,32.790245680942306
ID_QRSUR9T0,49.1754740846465
ID_QRWZ9U6P,82.58122025177595
ID_QSDZVDXT,12.344449735385481
ID_QSYU3FK2,36.016003753783586
ID_QSZW95VU,45.06202127072302
ID_QT2DE74I,35.29814046701618
ID_QT3ESR91,56.008060718071214
ID_QTC1KLC1,51.808916259623324
ID_QTIPA1SF,49.03610039884728
ID_QU9P5BAY,76.86710867741938
ID_QURZAGPZ,18.82489019995573
ID_QVPTFY8K,41.14387944641013
ID_QVSMHCLC,59.259921966037986
ID_QW0DZARN,152.86254410888907
ID_QW3ERDM1,23.801217269116293
ID_QW4117MF,25.783431766023625
ID_QW8GUD2H,99.3895109356649
ID_QWRC044B,99.71427123986787
ID_QWRDBDXR,24.595137197487414
ID_QXJYVPXI,37.64644316152535
ID_QZ8PB2GE,41.33315902340486
ID_QZKR27ZA,21.889470362620422
ID_QZN0E88G,28.2590117936745
ID_QZOG069V,48.40475335938952
ID_QZVZ9HNE,28.952512058730118
ID_R027ST33,46.79266944423256
ID_R0BC00C8,33.83454752006371
ID_R0E1OSJ8,69.65150258725893
ID_R0S2T2TC,25.822390986144423
ID_R2GWWLIA,28.617261929779755
ID_R32DBMY1,51.69872472356833
ID_R38KNZPU,34.959923851555885
ID_R3FQBJK7,63.71288814735602
ID_R3JBUUKI,55.465308923986086
ID_R3Z6N0NU,19.368099409851563
ID_R4FQXAPH,70.44399391178624
ID_R5PPEO9W,33.46858640564813
ID_R69GFJ6O,68.57990787237318
ID_R6RB0BX6,26.03418614190636
ID_R6UXS7MW,36.385018887175576
ID_R6XSB7G9,31.872356038971073
ID_R7OOFMC2,60.86162666177568
ID_R7ZHB2UI,22.354950481039857
ID_R95HA2Y9,34.108253038940035
ID_R98OJEX9,43.347331620694945
ID_R9IL4DDB,35.614004472974244
ID_R9L323ET,108.29395513081434
ID_RA9QYJ84,44.373649422906055
ID_RAH1C5J6,40.418032723107515
ID_RAHD8559,41.77007311126147
ID_RAM7W66K,71.70617040129622
ID_RB5428N4,98.8431789561763
ID_RB9NHTOK,72.22722585039799
ID_RBB5GL2K,98.119051281851
ID_RBI3INIP,40.074125296323146
ID_RCY7LCJE,56.327426998151694
ID_RE8QTMS0,41.46741219600714
ID_REA1ATBF,33.95552627441881
ID_RFO22GPM,87.73868558741832
ID_RG0XODDS,66.75105621073102
ID_RGTW974H,27.769032541968265
ID_RI007HAV,46.79280590917507
ID_RI1MN4PR,50.51690289492466
ID_RI6YJ5WN,11.781596711882734
ID_RIV1YAE4,113.76986338156993
ID_RJVK10YL,31.731975079279284
ID_RLHE5OS2,30.548185722769894
ID_RMABJ7O2,23.755222205708343
ID_RMG92NIL,21.632103728659406
ID_ROOFUG3O,25.28143670262636
ID_ROUDSBS2,57.0418985224658
ID_RP7AFBPI,80.79261610685187
ID_RPEBZ6GR,60.241195738498405
ID_RPRV0NCZ,20.154807124030253
ID_RQ5W5VPY,229.29079995573605
ID_RQALCXK3,17.29081580094025
ID_RR98MDFD,45.202776579941265
ID_RRWY63A4,34.93797170456226
ID_RSF9U7WT,51.01386558166821
ID_RSYFWNAM,45.826094451303995
ID_RTRU9E06,28.07881143832816
ID_RTU1GP39,78.55989978789927
ID_RUN3LKGR,69.19508730514801
ID_RW91WLEY,79.57249819138701
ID_RX990T6G,31.908082440223275
ID_RX9HMRNR,84.64951115282088
ID_RXZUQSC0,23.112396687321986
ID_RY0EH90O,134.48693726043132
ID_RYKC592K,32.965245753050525
ID_RZ5G7T7A,64.75567598915714
ID_RZB0DHA7,40.080832751706005
ID_RZBDHEE0,32.29869751541178
ID_RZCNIAAE,42.12513644230809
ID_RZLQN9U8,120.20060658686063
ID_S0C47GRP,56.927041479644295
ID_S1H9AWWW,37.83126874939609
ID_S1LFVSXL,114.86767469630824
ID_S1PO606D,46.53843508310442
ID_S1TZ4V57,34.3571476232289
ID_S1Z7KOVP,31.756468127786917
ID_S2YKJNJP,93.80395679407162
ID_S37O61MW,24.426223376363136
ID_S3DN4RKT,24.46837434073255
ID_S3HT66EZ,17.678955397155736
ID_S3SV7J2B,47.72522989134825
ID_S3XV9KPD,44.04554611936904
ID_S41RJOU7,26.312702707770683
ID_S4E22GK2,105.09846503783834
ID_S5Y6UBY7,80.61101695508914
ID_S5Z3M5JX,41.60214992684488
ID_S6L60W2I,33.06944218597683
ID_S6PLYXXQ,85.1383436496641
ID_S73XPWV6,57.82927616435752
ID_S83TEJ7R,34.62808880818675
ID_S89ZTL8Z,46.25251858153395
ID_S909456E,42.04714436342508
ID_S9GLJ5SI,29.67526304798244
ID_SAGUYM8D,51.77474986946073
ID_SAUOFLT5,87.15985517977491
ID_SAW20PCP,50.11976839399278
ID_SCG1K3BA,57.704678246504926
ID_SCZJ32Y4,48.81174713320991
ID_SDWSS1GM,44.657577865722914
ID_SDZ0BH91,56.014969580247204
ID_SFCJ1XEQ,89.63216264808108
ID_SGFQ4X4M,54.10007023801191
ID_SGHX0V7M,14.245235724263496
ID_SGR6MYNQ,15.576849823164897
ID_SGZ827P2,20.037420101509596
ID_SHAF1WPM,45.3972287266166
ID_SHPN06FL,30.714409905891166
ID_SI0GREFZ,34.343907324432365
ID_SI6FDZ1S,33.29281814622521
ID_SINWDJNG,38.181083154942925
ID_SIS5F9VT,17.535127579291547
ID_SJK1IFN8,113.51068039326951
ID_SKE1FCJS,84.7561709141049
ID_SKQDB5I1,37.04250715009603
ID_SLDYZ97D,48.967569847682995
ID_SLFN1GCN,138.8639425503229
ID_SLTUTXNW,80.20196529578854
ID_SN4T0FBO,155.34180389551273
ID_SNUQ8GXS,22.489451766814348
ID_SNYQ4HST,14.088906830484923
ID_SO9W0Z8W,55.7926586400022
ID_SOFQ8OWJ,86.23372008519853
ID_SOO2PIAC,34.753231099782866
ID_SP60Q5XY,57.4543122651984
ID_SPJA38YK,32.08484143776571
ID_SPOK8NG4,7.283880815030563
ID_SPZ6D1QM,34.97860208671099
ID_SPZB95UB,36.45738747578291
ID_SQ36XHTR,40.12040053029348
ID_SQ6UZGOQ,27.43877065361428
ID_SQM4YRWS,25.543336739191613
ID_SS1SGJF9,35.574742525165476
ID_SSHBHOKJ,57.51105177618511
ID_SSQDBJB8,39.92819959146372
ID_STF9LY57,85.02177217932265
ID_STJCC2IX,17.255605465681096
ID_STLL4QKP,64.78094386312006
ID_SUCX6NFA,40.765646486843735
ID_SUI51G1E,32.89877059495585
ID_SUO3SMHZ,65.28957227150055
ID_SUY4JV2A,51.4599012459112
ID_SV8M2ARX,56.5485746664409
ID_SVKCNK7O,12.06759626089667
ID_SVX3R5LD,42.056804700181004
ID_SWCL50AH,35.451384263765185
ID_SWUVOYC5,30.804050731768463
ID_SY2Y5AOF,73.41489052510298
ID_SY9TZUYS,53.25827635479157
ID_SYWRXPSM,149.31897954877672
ID_SZ4U7QDA,67.88383967704257
ID_SZNMAAE6,27.020614632861466
ID_SZSVNXMB,87.31671279085926
ID_SZWQLYY2,37.896987107961806
ID_T04DLXNU,29.348455315942097
ID_T0UOIAU0,40.36273419339708
ID_T15EJKWG,92.45636628183692
ID_T1YO7F04,44.12299396794874
ID_T20ETEA5,26.74780174755173
ID_T40SO8RK,20.921053296043304
ID_T4GT9EVN,60.03619714521024
ID_T4J2N3W1,31.301448590539742
ID_T4KNSOSA,44.892915266866595
ID_T55DIDQH,64.88461657404832
ID_T5UWCFY1,50.64301787302838
ID_T62FDFDL,131.3341581713875
ID_T6S9WVZ2,47.940541077986964
ID_T7PEESEF,54.492565232711826
ID_T83NUB8P,39.89487798858074
ID_T8658KL5,49.469108939506334
ID_T86RKXIO,34.991538616200934
ID_T89VMO0V,55.131797890838406
ID_T8FNBA7Y,55.54060624969772
ID_T8KJBRFM,68.48940135592935
ID_T8YDSY63,37.345584086624946
ID_T9RIEDPG,25.857781830596593
ID_T9RVJR5C,91.17221379651903
ID_T9VDTS7I,40.135638252754845
ID_TA11GHT8,124.57997790173036
ID_TB035UXX,39.07775301392367
ID_TB7E0MPG,30.7064976506705
ID_TBERMJR6,58.113996768772935
ID_TBYM96JH,55.22301246279369
ID_TDFMQGUF,69.47528756027579
ID_TDI1BW83,52.89000112774065
ID_TDUZI739,64.17989905836343
ID_TEYMR5FB,23.263372973270407
ID_TF9905P9,31.991104238341684
ID_TFD22LIV,47.423389638043105
ID_TFQ3EX6K,27.700822621537082
ID_TFRWXPB8,31.440439351147468
ID_TFTNM99K,35.985272823061756
ID_TG09PGMB,21.7435165888299
ID_TGAP8MXW,99.70716798337915
ID_TGFNHE0I,138.45543897421777
ID_TGTGX9GA,36.89950266014428
ID_THAISRNY,26.806754360087503
ID_TI3J012R,161.43353128395614
ID_TI4UHIQK,77.64437268980402
ID_TIAJR827,45.0833549617877
ID_TIXW0KO2,78.50565636042532
ID_TJ17A6JB,25.849664485983773
ID_TJOCME94,18.38153831361185
ID_TK6SOR2N,25.412373666753744
ID_TKMXMD3I,73.10367700397889
ID_TKZ9JMUW,212.60012500925043
ID_TL4NXKK3,32.25752214312148
ID_TLIT2NOE,35.81418756810018
ID_TMN4QI91,37.91216278657595
ID_TN018K71,118.49945519339074
ID_TN63QQGM,106.89470810405048
ID_TODZZUFF,26.07963227840995
ID_TOE3QGSY,52.21393399883932
ID_TOH91SJF,91.54357552328247
ID_TOME1610,151.26858891192688
ID_TOPX035M,44.86324869152283
ID_TP0D6JXT,34.816153106998414
ID_TP376Q9H,88.8195793642337
ID_TPGYBCI9,96.91054611716135
ID_TPV8JKY7,46.33686934533238
ID_TPY61UDR,94.9992400538286
ID_TQ8T75TX,51.02624447344948
ID_TQA6W89B,40.60766721219593
ID_TQX9NF0C,17.517216826688724
ID_TRGIXGI3,24.28548788658636
ID_TRKP3KS0,30.647793174771476
ID_TS0B1L0G,53.0607501098314
ID_TS42UJX8,20.196643467967778
ID_TSD4DIYF,23.731833192475595
ID_TSFQTN9H,53.90751584761049
ID_TSOVW9R7,26.78821380432269
ID_TSXITLP9,27.72409490929082
ID_TT0DQ3YX,31.71729529004945
ID_TV9FYEMD,75.6782676645148
ID_TW09HCPL,48.804927159521114
ID_TW8CXPY9,60.79973442917773
ID_TWIHMCYO,55.245304350381055
ID_TY250CFS,54.67886389511834
ID_TYG7IPI7,49.667933482491534
ID_TYP82LIU,16.971347370013177
ID_TYQVMAY0,32.6126173197551
ID_TZ3DCGU6,41.993222842393884
ID_TZ9965NZ,153.09291858575097
ID_TZZOBGQD,47.56520294234264
ID_U0DG1Z01,28.02360348400619
ID_U0M0UH1O,79.11605731747878
ID_U169RY8W,37.341064360576354
ID_U18E7Q4Q,35.99936627063438
ID_U29NCOOA,71.49428256669785
ID_U2H8YL3H,27.623979660198266
ID_U2IVCLGJ,40.33679367070203
ID_U2KO7S8G,33.25836793077728
ID_U35ZXM6Z,53.1989971331633
ID_U3JR6R22,27.1602449623211
ID_U3RE752H,59.55190988424388
ID_U40EV6M0,47.82533343891518
ID_U4QHA6GY,68.74111503371732
ID_U4XHOMP8,31.176472108460178
ID_U57OFFIG,46.4096886125306
ID_U596WA6I,28.14010713808806
ID_U5JF798J,54.94047659763198
ID_U5NX19YB,30.58795182923631
ID_U76H03L6,34.53603134476739
ID_U7JCSRDL,115.69633079033358
ID_U8JNFPKA,21.508092353296924
ID_U9VTYTFR,73.86614255253174
ID_UAGBHEXY,17.365656673449863
ID_UAJZJJ6S,24.9221206477265
ID_UAKJ0PQB,28.037187159365462
ID_UB3MKL1O,17.997433795571023
ID_UC988RWC,30.36387259851106
ID_UCAPFOJD,13.110429406060563
ID_UCH2K84Q,29.166739799509017
ID_UDCXC3TZ,35.43270493843083
ID_UDGQK2TT,48.42237425648576
ID_UEFAKABV,32.584266690392006
ID_UEYWVXE2,69.48969809032069
ID_UF2YFXX1,33.947524933188824
ID_UFIRXU05,38.82114704134403
ID_UGAG2V8B,208.86270301858974
ID_UGIXINSX,19.686793968312486
ID_UGKETANK,42.31751834926626
ID_UGL6FG60,38.307817351414016
ID_UGOXYURK,39.50034328830899
ID_UH1IS29S,61.46309128842093
ID_UH6A46L5,12.016546347319442
ID_UHCUNUGT,35.16278273484532
ID_UI6CRHL4,60.041642229863356
ID_UI7ZKSF8,205.28687655862444
ID_UI8RQHA9,39.865771198611895
ID_UIXDBP1F,12.199755416769914
ID_UJQ00AVG,35.216055591602114
ID_UK518X4W,53.22587716766728
ID_UL3LZKW5,159.45798089024169
ID_UL5TITK7,36.04247267641333
ID_ULBAP5VW,42.46432383070444
ID_ULVJ9YSS,26.11524518967348
ID_ULVZTGEX,25.28898208145737
ID_ULW0NOX1,78.89707466472584
ID_UM40RW6B,33.85095580885373
ID_UMI3H9XD,52.05467448901783
ID_UMLFZT1V,33.526278183406944
ID_UN1RZCRG,25.384066198917562
ID_UNBTT7M3,19.483233802475276
ID_UNIFZRLT,63.50776867610418
ID_UNIX55L2,15.498322536189427
ID_UNKXMZVQ,80.11936084400261
ID_UNU1GJX1,35.66944361918844
ID_UOQ6AGCK,32.17769239311613
ID_UOXULH6M,23.4449258022908
ID_UP6FIW03,31.205924585304523
ID_UP8JQTCJ,14.227137562070173
ID_UPDC20BO,56.81788411913466
ID_UPDOQ8VH,36.18451010428776
ID_UPOP373V,31.665767914191143
ID_UQF8ZLXV,93.6671383077901
ID_UQYCJHF8,36.086404571155285
ID_UR0583OR,49.06897700039829
ID_US4TX38V,27.670554050155744
ID_USNR43QQ,46.36266241840182
ID_UT17ZPR3,25.032915069151365
ID_UTY8YY6H,80.98229483395971
ID_UTZOE8EX,71.96031344839659
ID_UU75THO8,78.44910830926433
ID_UV1UCXGK,79.21723576968026
ID_UVLFYKDT,26.072755513073307
ID_UVSNX4LQ,61.60275817116285
ID_UVZ3MMZF,58.76764905614135
ID_UW07IORF,28.719429177644614
ID_UWDNK3UX,22.56534393096497
ID_UWK5GHBM,35.48485653537565
ID_UX5DH20U,49.62831342344443
ID_UX5N32TX,36.45388708009732
ID_UX6KQASW,30.13787684085837
ID_UXACL91Q,17.90415303645632
ID_UXN3IWSC,78.83631007642136
ID_UY9CJO1O,10.118451285305627
ID_UYFL09IB,14.417522526326618
ID_UYGXSYZL,40.8712737832525
ID_UYOZSLW6,25.887339056839824
ID_UZ2AP39N,64.46128824925394
ID_UZ57EZHY,20.039818019994208
ID_UZFR21JW,74.46543841726253
ID_UZJ28LT9,-2.3521016828377865
ID_V0TCDNYD,57.60695911480853
ID_V14876MG,48.863843839902124
ID_V1GDMSFK,15.71605300667019
ID_V24ZH4PQ,72.34541598235808
ID_V2LWP0CR,17.324821611605252
ID_V2MVQRRG,28.972411238718237
ID_V3KULD75,52.28852731153847
ID_V4I5VKPO,38.00934274079768
ID_V5PR34U6,21.032702225993802
ID_V5SZ4NY1,27.701093170650495
ID_V63K0382,13.646718972354705
ID_V69PYYT0,28.252661549442017
ID_V6GRWCWF,44.090386484433566
ID_V6NTE7Y4,44.561408432121226
ID_V76LLCZ2,50.465057319889056
ID_V7OIQ5SN,41.253211422485116
ID_V872NOIH,31.526884895643285
ID_V91Y0JY8,39.595267754911426
ID_VA2SWP9M,33.19672679892631
ID_VAF4PO7W,44.23156129852592
ID_VAZSF9ZQ,30.85901059439977
ID_VBGMNP2O,101.31771591308802
ID_VBHKWQ9L,86.29823979084655
ID_VBQB0X4C,12.18696778689333
ID_VBR3DZ2O,23.128225224437255
ID_VC2PVSM2,28.15785895492619
ID_VC882JCL,26.306530101187505
ID_VC8FSNB1,24.07855831649831
ID_VCFZWJ6F,37.56862442898642
ID_VCYWGLL0,24.344868333338507
ID_VDGWC9BO,33.84869106395968
ID_VDS9G0GT,44.404782123100624
ID_VDW6ERR6,41.36177396092963
ID_VDY0HHZ6,43.3303266311211
ID_VEJC52WY,19.355371567824665
ID_VF7R5PTT,31.961716667728158
ID_VFDBM6G2,78.39078049828751
ID_VFFE8EOE,47.05858724452504
ID_VGCUMAQQ,55.591237039774576
ID_VHQAA0LJ,42.225634268789015
ID_VHSYXWIH,53.926845433145836
ID_VHZXVUJV,147.5157615893743
ID_VI14MD1M,35.90415118614612
ID_VI5SF73K,52.50524462261535
ID_VIES2NT0,41.41945128360153
ID_VIFHKU78,31.79452980001843
ID_VIPVIUGR,87.52756780185243
ID_VIUIEZRP,97.4805065313245
ID_VJOK5XGG,41.792039868600405
ID_VKDR049H,29.38614854417137
ID_VKVYVY3Y,49.82742965063197
ID_VKX88QUM,28.899885485885697
ID_VKY3ZRJT,56.9079706621465
ID_VKZHN5YL,30.553287092862373
ID_VLXVM915,137.30216398862854
ID_VMG2S4EC,173.26631193872288
ID_VMGWHLSM,26.540040182741556
ID_VMJDP1L0,61.926560663448676
ID_VMTG3X7F,89.15158896879213
ID_VN0O98IK,28.92156671366734
ID_VNCD4VVB,96.76055315038138
ID_VO9DIQ9D,11.728142875046997
ID_VP2F3O27,159.07639015100236
ID_VP989PY9,93.40164224891294
ID_VPNOSM68,66.92444744431782
ID_VPOR4X0S,46.15834008857162
ID_VQC1OO0M,40.65290215881481
ID_VQOPFZGO,92.87953781274629
ID_VS2NX9ZF,75.93560866987383
ID_VTPCK1TN,42.01596398575156
ID_VTVNN41R,68.53820061583157
ID_VUFDF7LZ,46.68757292853252
ID_VUPOT7QA,75.2934026501481
ID_VVZ7EPKP,37.171120065004295
ID_VXFME59K,154.48345929598122
ID_VY6Q0MX5,35.31807108577097
ID_VYITNR4W,137.28553801911266
ID_VYYRFPAK,12.507711690618487
ID_W0BE0FCQ,30.812286351102596
ID_W0DKS89M,41.04490076427393
ID_W18GE1S5,25.427749109055704
ID_W1UUI4KI,82.09887519198195
ID_W20NVZGE,73.80482390941563
ID_W245O521,110.69680281569796
ID_W37HG2CD,82.76860235663415
ID_W4FVWMCD,28.040212753404745
ID_W67W2ALI,64.11634643520233
ID_W7B3OZBI,43.33104767191767
ID_W7EYTOMF,193.52136264754407
ID_W7SO67QP,57.077586035896445
ID_W8XH8WKG,61.85829820607343
ID_W8YQIYYB,32.20456409444273
ID_W95CZZ89,45.64795409574816
ID_WA6XYIVF,28.916394856613465
ID_WAHTZC9R,34.16008497985402
ID_WAN1LPJZ,32.633443775037314
ID_WAOPOEKF,47.43315662761253
ID_WAP352PF,28.758530492017076
ID_WBIKW3BG,16.87604543171181
ID_WBVV3Z0U,30.918326772253494
ID_WC9IAE1V,18.612721113407176
ID_WCOZSB5S,74.49609938804862
ID_WE66VR6X,50.531324997231856
ID_WEA40358,41.850977659506725
ID_WEFQ3WKW,86.346755463193
ID_WENDKYRZ,137.6728242984488
ID_WEQ3MSSX,116.15992780995973
ID_WF4ZLIYE,23.642703417609663
ID_WFT9EJ0H,62.2266874198659
ID_WG0TUEPO,47.42600535652001
ID_WG1LLWBW,20.507078055361568
ID_WG3MFLDZ,41.343581445056856
ID_WG6P64RM,97.1130793061625
ID_WH4ZVN84,91.74508542739997
ID_WII9FP14,118.92432701033724
ID_WIU83XH0,44.82423182295287
ID_WIYAPPNY,52.57753353445245
ID_WJ0FUXG6,151.41804163807234
ID_WJLIZ13N,155.26070472491818
ID_WJN2RBTU,46.47067691554079
ID_WK61GFH5,13.147417068809737
ID_WKT8LT8Q,56.47584459052851
ID_WLGV2XJA,75.858416283819
ID_WLIAB95W,23.711479821211665
ID_WLQ1JWT9,40.076559451504735
ID_WM99MEHP,76.45758149464092
ID_WMGD2YXS,29.84471707665654
ID_WO2JNY80,27.038913051850514
ID_WO9R6GCN,80.50319653212641
ID_WOE962ZD,27.379748597944367
ID_WQ9EIXG1,27.57440627640744
ID_WQEFFPF3,45.42224151991213
ID_WQMW9BYP,40.4128629617337
ID_WR86RYZM,84.90636632326645
ID_WRPLJ47V,18.647620510735006
ID_WS3VWGA8,16.285132655593415
ID_WS4YDWZU,121.00902614278664
ID_WTI8167S,22.471414712042165
ID_WWHP44KQ,33.689680772801196
ID_WWNWRE54,26.561514606161783
ID_WWPPUPFB,27.35906675224507
ID_WXMTHJIA,162.2425599812251
ID_WXVLNSDK,69.57467648897872
ID_WXW42KOY,27.752267758166482
ID_WXXIARQM,49.256323821432126
ID_WYIR6ZBJ,139.93600886437574
ID_WYJ0M8EY,30.35128205994902
ID_WYK1NJI6,36.62328186302773
ID_WYXL5MLS,99.59975032156568
ID_WZ1YX4PV,77.39243420135415
ID_WZACGW2X,33.806933695150136
ID_WZERKZWJ,24.243871138179916
ID_WZHVNDOE,23.037927971103024
ID_WZN8Y3E4,56.11328301566793
ID_WZTHUYIL,27.450834606142333
ID_X06UVRRG,40.7452060721106
ID_X0AH9DV0,82.1700215813243
ID_X0CORQLB,85.5969845511051
ID_X0D2TXAZ,19.35768259970831
ID_X0DQJPKA,83.39457972225631
ID_X0GCNXXI,34.83189030073839
ID_X0PQLTXL,54.66178068349256
ID_X3OAQB5S,90.9760663817772
ID_X3P6SKUJ,22.13464398654358
ID_X4YQ6F5A,114.18136895408577
ID_X56CBJTL,61.013896511129744
ID_X5CMNU7Y,55.31715905768404
ID_X66493F9,49.52400728781808
ID_X6Z2WA5S,112.8341677564282
ID_X711VRVL,97.67926399798742
ID_X7SR80S8,27.485418299043722
ID_X8VFLUKH,50.782521330016536
ID_X9GQJIQG,34.404379157120935
ID_X9GX200C,36.565435177872594
ID_XA6U6DJ0,39.92051764442473
ID_XAMMDO68,31.46901757372874
ID_XB7LHVI6,36.50409469253565
ID_XB9WCLKZ,7.072993978313086
ID_XBP8YZBI,18.12211039445816
ID_XCJ4FKJB,59.585713579647674
ID_XDPTAV4N,77.17261369336855
ID_XDU7QOT7,35.66946085019327
ID_XEGT3AOB,73.55610767507463
ID_XFN62BS0,68.1062025723017
ID_XFR2PSRB,45.895208118298214
ID_XFVPO32X,32.238773758850286
ID_XG6UMPVK,49.40141048357828
ID_XGHJ58NC,52.732303213215495
ID_XGLWCSYN,55.841167047598994
ID_XGM17RVC,69.98572706907305
ID_XH5FF3RF,27.583298426917693
ID_XH8EVSZX,83.4183723428707
ID_XHAUPKAU,67.63768179143021
ID_XHL6S87P,47.97181710553668
ID_XHQ83KA7,85.99284420106372
ID_XHTWUO7X,49.57309397262214
ID_XI8DOXD7,99.42615999040304
ID_XI9NUYXE,97.213387637785
ID_XIEQLS91,29.950796226658465
ID_XIS2XWTA,14.627096320555076
ID_XJV85Y1O,102.56339892771298
ID_XK46LVWE,16.270633743231066
ID_XK6TTP8A,19.00442361363994
ID_XKT1VI0B,11.183978176441155
ID_XLA12QE3,27.92940526270633
ID_XLXHSQLN,117.49122901624531
ID_XMFAXQD1,59.00049272127186
ID_XMXO4NN9,47.00767427617255
ID_XN0ZAQQB,32.62007471182525
ID_XN10SXZD,61.246258055684734
ID_XN3O8HZP,57.66774000440558
ID_XN9WTBY1,15.644761705181043
ID_XNC9WTAC,31.14970315542905
ID_XNSXFWTS,58.02916716860874
ID_XNXFWQ3B,36.22090474259164
ID_XO693RV7,160.09542733495246
ID_XO8E1HMR,28.116738544291152
ID_XOA9MCB7,33.226891006143674
ID_XOM33LIP,20.76393904872007
ID_XPNODY9F,32.04375324336729
ID_XPTE0EFB,32.23475369016033
ID_XQBSMX26,42.106803632707425
ID_XRBCNYVO,26.46162953308324
ID_XRUAG2MR,27.925336921260858
ID_XSD9FU0Q,98.01896447775206
ID_XT499ZPA,70.22061409270495
ID_XTH8V84D,16.286084618142535
ID_XTNBFQEN,25.411456272650373
ID_XURNYXYJ,50.04422634979291
ID_XUZ7R909,34.84808478425057
ID_XV1O3SZP,9.381106460864363
ID_XWBKJNWL,33.32046034578324
ID_XWNNPUEK,45.80777745164923
ID_XWW0JED0,58.72778722020249
ID_XWZRUC69,119.33243177251273
ID_XX76LLU0,64.74317099751302
ID_XXAFJ1FJ,67.24407016655357
ID_XXDE7DBK,85.87219565631983
ID_XXLJ4R3I,80.34081706370367
ID_XXVOY8SL,42.92615762309251
ID_XY84705D,66.85270335427252
ID_XZ3KH3B9,82.34097641565381
ID_XZJCIO6E,49.60984145209353
ID_Y00W71M7,29.483065551052
ID_Y0487A3A,65.03503065845345
ID_Y0MOLTLU,83.36925945514005
ID_Y1KU7LVP,43.743576385128954
ID_Y1WE5C7I,16.979933188031058
ID_Y38L9OQW,96.8655170866457
ID_Y3PDJN10,27.071493085312866
ID_Y3R1R4G9,28.42703897663685
ID_Y3YY9PD9,56.172235433823644
ID_Y4B2IINR,53.75571542122364
ID_Y4COKX6H,50.8248497704321
ID_Y4R23WBK,54.899505999933325
ID_Y5434OPF,30.826481621397257
ID_Y5T1VF0B,56.00856143559244
ID_Y68HHW23,48.24723947786341
ID_Y6PXBHCX,85.71149261202851
ID_Y6UUM6AM,21.741118005833073
ID_Y7CGJ1MO,47.18930787413439
ID_Y7QSF5GO,68.53310326012341
ID_Y7W2D499,22.036991621370845
ID_Y8TDOIKJ,68.86863567092902
ID_Y8TRY5WH,30.575186382036524
ID_YAMTZNQH,54.00471358106732
ID_YB1MYEK0,40.17159415432117
ID_YCZTZCR5,172.58922713668625
ID_YD98J4RF,18.63807114924779
ID_YDIET5J9,56.94104130989767
ID_YEE23SAQ,15.418614096905433
ID_YEEHCSMV,22.432898866410376
ID_YF20HJGN,55.2169998343234
ID_YFKTHT8Z,109.67918212649542
ID_YG3OU6H4,62.451680073182686
ID_YH7KCK4C,40.87592430876519
ID_YHK49VN6,47.695604369392676
ID_YHY1ULWA,74.57265978672778
ID_YI5ZJMCT,31.05349030961167
ID_YIKMQ4II,73.62047870225267
ID_YK1U1JRH,43.16882496139866
ID_YL8TNDS9,192.54781188577806
ID_YLIL8GZC,25.94148144659108
ID_YMUWWF6Q,65.87559791585161
ID_YMV281RB,58.382442925200316
ID_YMVTMVKN,46.78261834179231
ID_YN5PUWAS,28.988723403411335
ID_YOOBGDSC,41.907527959978
ID_YOSC9EZL,62.69727686270913
ID_YOZ014I0,28.63614633469764
ID_YP8G7BFM,41.50196909765133
ID_YPR8XDW6,32.90294085906161
ID_YQRCWQKI,21.397809818124646
ID_YRSQEMKB,37.62602388435475
ID_YRWXJ41M,22.689943409481394
ID_YRZB8WOV,39.02262982431425
ID_YSL8HNP1,28.796098395642048
ID_YT30PPJS,44.3753598364337
ID_YTT2V73Z,24.431722346338
ID_YU1LOQV6,20.796101104555603
ID_YUBSKFU8,113.30409823213637
ID_YUR9ZSFF,36.242890109306
ID_YX9GJHDS,37.19413383769465
ID_YXEAP58E,103.27278291887106
ID_YXF7LKGM,32.49259964752477
ID_YXMQ5AA8,96.90636466399447
ID_YXOEZFNN,101.91363800850775
ID_YZ2Q9OYZ,13.104365250143777
ID_YZDFSD0Q,37.95755642867065
ID_YZFQDD31,19.310935621170508
ID_Z02A2D53,84.92199663381973
ID_Z0ZGQHWF,23.798726462054823
ID_Z27DSJY6,198.41870600290335
ID_Z2ZT26AD,27.879039248188437
ID_Z3BCB9X4,35.26240986759972
ID_Z3IP0ZLK,42.17432159531694
ID_Z43DT1LN,41.65572334015101
ID_Z4JYFER0,16.38531947643507
ID_Z5C82U6O,35.590418177643606
ID_Z5D1D35G,41.764948249617795
ID_Z5PEPOKB,63.54214087766546
ID_Z5ZUHU4P,21.34157351439146
ID_Z75WBAQI,78.97300034169763
ID_Z7CFACKK,66.07276715577012
ID_Z7V9553N,73.45104651938756
ID_Z7XI5QVJ,51.99288363925194
ID_Z82TO37X,89.74003525448794
ID_Z89TZWUH,42.84130045712842
ID_Z9JJRRCZ,45.850471703647216
ID_Z9O38O8M,35.84708739671764
ID_Z9UNHEUX,33.817805051898866
ID_ZAVTZWH3,85.37486131260488
ID_ZBTF50A5,12.586449369003493
ID_ZCP19T2A,29.291518331820367
ID_ZDDS43VE,84.40668755573344
ID_ZDNXATA4,43.35002802874476
ID_ZE76EQO9,33.14438771027509
ID_ZEK37ZLB,57.38533019020544
ID_ZEROD0EB,166.48901524456312
ID_ZEYUVQW5,41.97954199502995
ID_ZEZ3FQVD,30.57449022209259
ID_ZFESAJDO,26.853316242203352
ID_ZFK5RD2K,56.69782639142102
ID_ZGABDOAV,59.57726372471666
ID_ZGCN4FH1,28.156433375832336
ID_ZGHLOUW6,29.7915535304938
ID_ZHZJT77T,40.31360948291121
ID_ZI7E3MDH,74.16806845007302
ID_ZIGL64ZT,140.12127655607415
ID_ZILPVPDQ,141.1238838638975
ID_ZJPAB8D5,8.229685068951936
ID_ZJSUGAW6,64.92880426780141
ID_ZKCCJDDP,195.6297087558997
ID_ZKDYAUIK,72.12805134001074
ID_ZL5Q69OO,74.53557068785119
ID_ZLHVXQ4N,25.79985415137341
ID_ZMYQZVU9,32.6628309003499
ID_ZNTDH93N,48.8633268708066
ID_ZNU4C9HS,32.116100694101696
ID_ZOFF0W3M,53.62541071241901
ID_ZOP4AV6K,33.44408349641942
ID_ZOU0PRJ7,51.750457915059755
ID_ZPHWK76G,69.90043083802861
ID_ZPYMRYLS,29.278521557902103
ID_ZRLTYK1F,13.191150940806438
ID_ZSM7M7XK,25.436096049802586
ID_ZTP1R39M,28.046566826931826
ID_ZU9F3J8T,40.40146486250222
ID_ZUTMO4UV,69.15234458288089
ID_ZVL1ZTMB,59.16115951312469
ID_ZW2WKRVB,69.0151750202194
ID_ZW5RSNUS,21.233023745946557
ID_ZWCI817N,104.19222672997992
ID_ZX5858FJ,38.79926079901655
ID_ZY4XOL2H,213.93161411250605
ID_ZYTEVEBR,107.19339605744057
